2026-05-26 11:58:59.766 | INFO     | __main__:main:136 - Evaluating flores_devtest_en_ko.tsv | en → ko
2026-05-26 11:59:00.465 | INFO     | src.pipeline.session:__init__:47 - [Session 1f5f379f] en → ko | speaker=default
2026-05-26 11:59:00.465 | INFO     | src.translator.nllb_translator:_load_glossary_and_tm:61 - [ctx] glossary: 15 entries
2026-05-26 11:59:00.465 | INFO     | src.translator.nllb_translator:_load_glossary_and_tm:71 - [ctx] TM: 10 pairs
2026-05-26 11:59:00.465 | INFO     | src.context.translation_memory:load_jsonl:54 - Loaded 10 TM entries from data/translation_memory/en-ko.jsonl
2026-05-26 11:59:00.467 | INFO     | src.translator.nllb_translator:_lazy_load:120 - Loading translator: facebook/nllb-200-distilled-600M
Warning: You are sending unauthenticated requests to the HF Hub. Please set a HF_TOKEN to enable higher rate limits and faster downloads.
Loading weights:   0%|          | 0/512 [00:00<?, ?it/s]Loading weights:  13%|█▎        | 68/512 [00:00<00:00, 677.79it/s]Loading weights:  62%|██████▏   | 317/512 [00:00<00:00, 1463.88it/s]Loading weights: 100%|██████████| 512/512 [00:00<00:00, 1570.20it/s]Loading weights: 100%|██████████| 512/512 [00:00<00:00, 1473.21it/s]
2026-05-26 11:59:05.467 | INFO     | src.translator.nllb_translator:_lazy_load:130 - Model loaded on cuda dtype=float16 context_injection=True
[transformers] Both `max_new_tokens` (=256) and `max_length`(=200) seem to have been set. `max_new_tokens` will take precedence. Please refer to the documentation for more information. (https://huggingface.co/docs/transformers/main/en/main_classes/text_generation)
[transformers] Both `max_new_tokens` (=256) and `max_length`(=200) seem to have been set. `max_new_tokens` will take precedence. Please refer to the documentation for more information. (https://huggingface.co/docs/transformers/main/en/main_classes/text_generation)
[transformers] Both `max_new_tokens` (=256) and `max_length`(=200) seem to have been set. `max_new_tokens` will take precedence. Please refer to the documentation for more information. (https://huggingface.co/docs/transformers/main/en/main_classes/text_generation)
[transformers] Both `max_new_tokens` (=256) and `max_length`(=200) seem to have been set. `max_new_tokens` will take precedence. Please refer to the documentation for more information. (https://huggingface.co/docs/transformers/main/en/main_classes/text_generation)
[transformers] Both `max_new_tokens` (=256) and `max_length`(=200) seem to have been set. `max_new_tokens` will take precedence. Please refer to the documentation for more information. (https://huggingface.co/docs/transformers/main/en/main_classes/text_generation)
[transformers] Both `max_new_tokens` (=256) and `max_length`(=200) seem to have been set. `max_new_tokens` will take precedence. Please refer to the documentation for more information. (https://huggingface.co/docs/transformers/main/en/main_classes/text_generation)
[transformers] Both `max_new_tokens` (=256) and `max_length`(=200) seem to have been set. `max_new_tokens` will take precedence. Please refer to the documentation for more information. (https://huggingface.co/docs/transformers/main/en/main_classes/text_generation)
[transformers] Both `max_new_tokens` (=256) and `max_length`(=200) seem to have been set. `max_new_tokens` will take precedence. Please refer to the documentation for more information. (https://huggingface.co/docs/transformers/main/en/main_classes/text_generation)
[transformers] Both `max_new_tokens` (=256) and `max_length`(=200) seem to have been set. `max_new_tokens` will take precedence. Please refer to the documentation for more information. (https://huggingface.co/docs/transformers/main/en/main_classes/text_generation)
[transformers] Both `max_new_tokens` (=256) and `max_length`(=200) seem to have been set. `max_new_tokens` will take precedence. Please refer to the documentation for more information. (https://huggingface.co/docs/transformers/main/en/main_classes/text_generation)
2026-05-26 11:59:07.978 | INFO     | __main__:evaluate:77 -   10/1012 done
[transformers] Both `max_new_tokens` (=256) and `max_length`(=200) seem to have been set. `max_new_tokens` will take precedence. Please refer to the documentation for more information. (https://huggingface.co/docs/transformers/main/en/main_classes/text_generation)
[transformers] Both `max_new_tokens` (=256) and `max_length`(=200) seem to have been set. `max_new_tokens` will take precedence. Please refer to the documentation for more information. (https://huggingface.co/docs/transformers/main/en/main_classes/text_generation)
[transformers] Both `max_new_tokens` (=256) and `max_length`(=200) seem to have been set. `max_new_tokens` will take precedence. Please refer to the documentation for more information. (https://huggingface.co/docs/transformers/main/en/main_classes/text_generation)
[transformers] Both `max_new_tokens` (=256) and `max_length`(=200) seem to have been set. `max_new_tokens` will take precedence. Please refer to the documentation for more information. (https://huggingface.co/docs/transformers/main/en/main_classes/text_generation)
[transformers] Both `max_new_tokens` (=256) and `max_length`(=200) seem to have been set. `max_new_tokens` will take precedence. Please refer to the documentation for more information. (https://huggingface.co/docs/transformers/main/en/main_classes/text_generation)
[transformers] Both `max_new_tokens` (=256) and `max_length`(=200) seem to have been set. `max_new_tokens` will take precedence. Please refer to the documentation for more information. (https://huggingface.co/docs/transformers/main/en/main_classes/text_generation)
[transformers] Both `max_new_tokens` (=256) and `max_length`(=200) seem to have been set. `max_new_tokens` will take precedence. Please refer to the documentation for more information. (https://huggingface.co/docs/transformers/main/en/main_classes/text_generation)
[transformers] Both `max_new_tokens` (=256) and `max_length`(=200) seem to have been set. `max_new_tokens` will take precedence. Please refer to the documentation for more information. (https://huggingface.co/docs/transformers/main/en/main_classes/text_generation)
[transformers] Both `max_new_tokens` (=256) and `max_length`(=200) seem to have been set. `max_new_tokens` will take precedence. Please refer to the documentation for more information. (https://huggingface.co/docs/transformers/main/en/main_classes/text_generation)
[transformers] Both `max_new_tokens` (=256) and `max_length`(=200) seem to have been set. `max_new_tokens` will take precedence. Please refer to the documentation for more information. (https://huggingface.co/docs/transformers/main/en/main_classes/text_generation)
2026-05-26 11:59:11.261 | INFO     | __main__:evaluate:77 -   20/1012 done
[transformers] Both `max_new_tokens` (=256) and `max_length`(=200) seem to have been set. `max_new_tokens` will take precedence. Please refer to the documentation for more information. (https://huggingface.co/docs/transformers/main/en/main_classes/text_generation)
[transformers] Both `max_new_tokens` (=256) and `max_length`(=200) seem to have been set. `max_new_tokens` will take precedence. Please refer to the documentation for more information. (https://huggingface.co/docs/transformers/main/en/main_classes/text_generation)
[transformers] Both `max_new_tokens` (=256) and `max_length`(=200) seem to have been set. `max_new_tokens` will take precedence. Please refer to the documentation for more information. (https://huggingface.co/docs/transformers/main/en/main_classes/text_generation)
[transformers] Both `max_new_tokens` (=256) and `max_length`(=200) seem to have been set. `max_new_tokens` will take precedence. Please refer to the documentation for more information. (https://huggingface.co/docs/transformers/main/en/main_classes/text_generation)
[transformers] Both `max_new_tokens` (=256) and `max_length`(=200) seem to have been set. `max_new_tokens` will take precedence. Please refer to the documentation for more information. (https://huggingface.co/docs/transformers/main/en/main_classes/text_generation)
[transformers] Both `max_new_tokens` (=256) and `max_length`(=200) seem to have been set. `max_new_tokens` will take precedence. Please refer to the documentation for more information. (https://huggingface.co/docs/transformers/main/en/main_classes/text_generation)
[transformers] Both `max_new_tokens` (=256) and `max_length`(=200) seem to have been set. `max_new_tokens` will take precedence. Please refer to the documentation for more information. (https://huggingface.co/docs/transformers/main/en/main_classes/text_generation)
[transformers] Both `max_new_tokens` (=256) and `max_length`(=200) seem to have been set. `max_new_tokens` will take precedence. Please refer to the documentation for more information. (https://huggingface.co/docs/transformers/main/en/main_classes/text_generation)
[transformers] Both `max_new_tokens` (=256) and `max_length`(=200) seem to have been set. `max_new_tokens` will take precedence. Please refer to the documentation for more information. (https://huggingface.co/docs/transformers/main/en/main_classes/text_generation)
[transformers] Both `max_new_tokens` (=256) and `max_length`(=200) seem to have been set. `max_new_tokens` will take precedence. Please refer to the documentation for more information. (https://huggingface.co/docs/transformers/main/en/main_classes/text_generation)
2026-05-26 11:59:13.737 | INFO     | __main__:evaluate:77 -   30/1012 done
[transformers] Both `max_new_tokens` (=256) and `max_length`(=200) seem to have been set. `max_new_tokens` will take precedence. Please refer to the documentation for more information. (https://huggingface.co/docs/transformers/main/en/main_classes/text_generation)
[transformers] Both `max_new_tokens` (=256) and `max_length`(=200) seem to have been set. `max_new_tokens` will take precedence. Please refer to the documentation for more information. (https://huggingface.co/docs/transformers/main/en/main_classes/text_generation)
[transformers] Both `max_new_tokens` (=256) and `max_length`(=200) seem to have been set. `max_new_tokens` will take precedence. Please refer to the documentation for more information. (https://huggingface.co/docs/transformers/main/en/main_classes/text_generation)
[transformers] Both `max_new_tokens` (=256) and `max_length`(=200) seem to have been set. `max_new_tokens` will take precedence. Please refer to the documentation for more information. (https://huggingface.co/docs/transformers/main/en/main_classes/text_generation)
[transformers] Both `max_new_tokens` (=256) and `max_length`(=200) seem to have been set. `max_new_tokens` will take precedence. Please refer to the documentation for more information. (https://huggingface.co/docs/transformers/main/en/main_classes/text_generation)
[transformers] Both `max_new_tokens` (=256) and `max_length`(=200) seem to have been set. `max_new_tokens` will take precedence. Please refer to the documentation for more information. (https://huggingface.co/docs/transformers/main/en/main_classes/text_generation)
[transformers] Both `max_new_tokens` (=256) and `max_length`(=200) seem to have been set. `max_new_tokens` will take precedence. Please refer to the documentation for more information. (https://huggingface.co/docs/transformers/main/en/main_classes/text_generation)
[transformers] Both `max_new_tokens` (=256) and `max_length`(=200) seem to have been set. `max_new_tokens` will take precedence. Please refer to the documentation for more information. (https://huggingface.co/docs/transformers/main/en/main_classes/text_generation)
[transformers] Both `max_new_tokens` (=256) and `max_length`(=200) seem to have been set. `max_new_tokens` will take precedence. Please refer to the documentation for more information. (https://huggingface.co/docs/transformers/main/en/main_classes/text_generation)
[transformers] Both `max_new_tokens` (=256) and `max_length`(=200) seem to have been set. `max_new_tokens` will take precedence. Please refer to the documentation for more information. (https://huggingface.co/docs/transformers/main/en/main_classes/text_generation)
2026-05-26 11:59:16.026 | INFO     | __main__:evaluate:77 -   40/1012 done
[transformers] Both `max_new_tokens` (=256) and `max_length`(=200) seem to have been set. `max_new_tokens` will take precedence. Please refer to the documentation for more information. (https://huggingface.co/docs/transformers/main/en/main_classes/text_generation)
[transformers] Both `max_new_tokens` (=256) and `max_length`(=200) seem to have been set. `max_new_tokens` will take precedence. Please refer to the documentation for more information. (https://huggingface.co/docs/transformers/main/en/main_classes/text_generation)
[transformers] Both `max_new_tokens` (=256) and `max_length`(=200) seem to have been set. `max_new_tokens` will take precedence. Please refer to the documentation for more information. (https://huggingface.co/docs/transformers/main/en/main_classes/text_generation)
[transformers] Both `max_new_tokens` (=256) and `max_length`(=200) seem to have been set. `max_new_tokens` will take precedence. Please refer to the documentation for more information. (https://huggingface.co/docs/transformers/main/en/main_classes/text_generation)
[transformers] Both `max_new_tokens` (=256) and `max_length`(=200) seem to have been set. `max_new_tokens` will take precedence. Please refer to the documentation for more information. (https://huggingface.co/docs/transformers/main/en/main_classes/text_generation)
[transformers] Both `max_new_tokens` (=256) and `max_length`(=200) seem to have been set. `max_new_tokens` will take precedence. Please refer to the documentation for more information. (https://huggingface.co/docs/transformers/main/en/main_classes/text_generation)
[transformers] Both `max_new_tokens` (=256) and `max_length`(=200) seem to have been set. `max_new_tokens` will take precedence. Please refer to the documentation for more information. (https://huggingface.co/docs/transformers/main/en/main_classes/text_generation)
[transformers] Both `max_new_tokens` (=256) and `max_length`(=200) seem to have been set. `max_new_tokens` will take precedence. Please refer to the documentation for more information. (https://huggingface.co/docs/transformers/main/en/main_classes/text_generation)
[transformers] Both `max_new_tokens` (=256) and `max_length`(=200) seem to have been set. `max_new_tokens` will take precedence. Please refer to the documentation for more information. (https://huggingface.co/docs/transformers/main/en/main_classes/text_generation)
[transformers] Both `max_new_tokens` (=256) and `max_length`(=200) seem to have been set. `max_new_tokens` will take precedence. Please refer to the documentation for more information. (https://huggingface.co/docs/transformers/main/en/main_classes/text_generation)
2026-05-26 11:59:18.443 | INFO     | __main__:evaluate:77 -   50/1012 done
[transformers] Both `max_new_tokens` (=256) and `max_length`(=200) seem to have been set. `max_new_tokens` will take precedence. Please refer to the documentation for more information. (https://huggingface.co/docs/transformers/main/en/main_classes/text_generation)
[transformers] Both `max_new_tokens` (=256) and `max_length`(=200) seem to have been set. `max_new_tokens` will take precedence. Please refer to the documentation for more information. (https://huggingface.co/docs/transformers/main/en/main_classes/text_generation)
[transformers] Both `max_new_tokens` (=256) and `max_length`(=200) seem to have been set. `max_new_tokens` will take precedence. Please refer to the documentation for more information. (https://huggingface.co/docs/transformers/main/en/main_classes/text_generation)
[transformers] Both `max_new_tokens` (=256) and `max_length`(=200) seem to have been set. `max_new_tokens` will take precedence. Please refer to the documentation for more information. (https://huggingface.co/docs/transformers/main/en/main_classes/text_generation)
[transformers] Both `max_new_tokens` (=256) and `max_length`(=200) seem to have been set. `max_new_tokens` will take precedence. Please refer to the documentation for more information. (https://huggingface.co/docs/transformers/main/en/main_classes/text_generation)
[transformers] Both `max_new_tokens` (=256) and `max_length`(=200) seem to have been set. `max_new_tokens` will take precedence. Please refer to the documentation for more information. (https://huggingface.co/docs/transformers/main/en/main_classes/text_generation)
[transformers] Both `max_new_tokens` (=256) and `max_length`(=200) seem to have been set. `max_new_tokens` will take precedence. Please refer to the documentation for more information. (https://huggingface.co/docs/transformers/main/en/main_classes/text_generation)
[transformers] Both `max_new_tokens` (=256) and `max_length`(=200) seem to have been set. `max_new_tokens` will take precedence. Please refer to the documentation for more information. (https://huggingface.co/docs/transformers/main/en/main_classes/text_generation)
[transformers] Both `max_new_tokens` (=256) and `max_length`(=200) seem to have been set. `max_new_tokens` will take precedence. Please refer to the documentation for more information. (https://huggingface.co/docs/transformers/main/en/main_classes/text_generation)
[transformers] Both `max_new_tokens` (=256) and `max_length`(=200) seem to have been set. `max_new_tokens` will take precedence. Please refer to the documentation for more information. (https://huggingface.co/docs/transformers/main/en/main_classes/text_generation)
2026-05-26 11:59:20.977 | INFO     | __main__:evaluate:77 -   60/1012 done
[transformers] Both `max_new_tokens` (=256) and `max_length`(=200) seem to have been set. `max_new_tokens` will take precedence. Please refer to the documentation for more information. (https://huggingface.co/docs/transformers/main/en/main_classes/text_generation)
[transformers] Both `max_new_tokens` (=256) and `max_length`(=200) seem to have been set. `max_new_tokens` will take precedence. Please refer to the documentation for more information. (https://huggingface.co/docs/transformers/main/en/main_classes/text_generation)
[transformers] Both `max_new_tokens` (=256) and `max_length`(=200) seem to have been set. `max_new_tokens` will take precedence. Please refer to the documentation for more information. (https://huggingface.co/docs/transformers/main/en/main_classes/text_generation)
[transformers] Both `max_new_tokens` (=256) and `max_length`(=200) seem to have been set. `max_new_tokens` will take precedence. Please refer to the documentation for more information. (https://huggingface.co/docs/transformers/main/en/main_classes/text_generation)
[transformers] Both `max_new_tokens` (=256) and `max_length`(=200) seem to have been set. `max_new_tokens` will take precedence. Please refer to the documentation for more information. (https://huggingface.co/docs/transformers/main/en/main_classes/text_generation)
[transformers] Both `max_new_tokens` (=256) and `max_length`(=200) seem to have been set. `max_new_tokens` will take precedence. Please refer to the documentation for more information. (https://huggingface.co/docs/transformers/main/en/main_classes/text_generation)
[transformers] Both `max_new_tokens` (=256) and `max_length`(=200) seem to have been set. `max_new_tokens` will take precedence. Please refer to the documentation for more information. (https://huggingface.co/docs/transformers/main/en/main_classes/text_generation)
[transformers] Both `max_new_tokens` (=256) and `max_length`(=200) seem to have been set. `max_new_tokens` will take precedence. Please refer to the documentation for more information. (https://huggingface.co/docs/transformers/main/en/main_classes/text_generation)
[transformers] Both `max_new_tokens` (=256) and `max_length`(=200) seem to have been set. `max_new_tokens` will take precedence. Please refer to the documentation for more information. (https://huggingface.co/docs/transformers/main/en/main_classes/text_generation)
[transformers] Both `max_new_tokens` (=256) and `max_length`(=200) seem to have been set. `max_new_tokens` will take precedence. Please refer to the documentation for more information. (https://huggingface.co/docs/transformers/main/en/main_classes/text_generation)
2026-05-26 11:59:23.313 | INFO     | __main__:evaluate:77 -   70/1012 done
[transformers] Both `max_new_tokens` (=256) and `max_length`(=200) seem to have been set. `max_new_tokens` will take precedence. Please refer to the documentation for more information. (https://huggingface.co/docs/transformers/main/en/main_classes/text_generation)
[transformers] Both `max_new_tokens` (=256) and `max_length`(=200) seem to have been set. `max_new_tokens` will take precedence. Please refer to the documentation for more information. (https://huggingface.co/docs/transformers/main/en/main_classes/text_generation)
[transformers] Both `max_new_tokens` (=256) and `max_length`(=200) seem to have been set. `max_new_tokens` will take precedence. Please refer to the documentation for more information. (https://huggingface.co/docs/transformers/main/en/main_classes/text_generation)
[transformers] Both `max_new_tokens` (=256) and `max_length`(=200) seem to have been set. `max_new_tokens` will take precedence. Please refer to the documentation for more information. (https://huggingface.co/docs/transformers/main/en/main_classes/text_generation)
[transformers] Both `max_new_tokens` (=256) and `max_length`(=200) seem to have been set. `max_new_tokens` will take precedence. Please refer to the documentation for more information. (https://huggingface.co/docs/transformers/main/en/main_classes/text_generation)
[transformers] Both `max_new_tokens` (=256) and `max_length`(=200) seem to have been set. `max_new_tokens` will take precedence. Please refer to the documentation for more information. (https://huggingface.co/docs/transformers/main/en/main_classes/text_generation)
[transformers] Both `max_new_tokens` (=256) and `max_length`(=200) seem to have been set. `max_new_tokens` will take precedence. Please refer to the documentation for more information. (https://huggingface.co/docs/transformers/main/en/main_classes/text_generation)
[transformers] Both `max_new_tokens` (=256) and `max_length`(=200) seem to have been set. `max_new_tokens` will take precedence. Please refer to the documentation for more information. (https://huggingface.co/docs/transformers/main/en/main_classes/text_generation)
[transformers] Both `max_new_tokens` (=256) and `max_length`(=200) seem to have been set. `max_new_tokens` will take precedence. Please refer to the documentation for more information. (https://huggingface.co/docs/transformers/main/en/main_classes/text_generation)
[transformers] Both `max_new_tokens` (=256) and `max_length`(=200) seem to have been set. `max_new_tokens` will take precedence. Please refer to the documentation for more information. (https://huggingface.co/docs/transformers/main/en/main_classes/text_generation)
2026-05-26 11:59:26.007 | INFO     | __main__:evaluate:77 -   80/1012 done
[transformers] Both `max_new_tokens` (=256) and `max_length`(=200) seem to have been set. `max_new_tokens` will take precedence. Please refer to the documentation for more information. (https://huggingface.co/docs/transformers/main/en/main_classes/text_generation)
[transformers] Both `max_new_tokens` (=256) and `max_length`(=200) seem to have been set. `max_new_tokens` will take precedence. Please refer to the documentation for more information. (https://huggingface.co/docs/transformers/main/en/main_classes/text_generation)
[transformers] Both `max_new_tokens` (=256) and `max_length`(=200) seem to have been set. `max_new_tokens` will take precedence. Please refer to the documentation for more information. (https://huggingface.co/docs/transformers/main/en/main_classes/text_generation)
[transformers] Both `max_new_tokens` (=256) and `max_length`(=200) seem to have been set. `max_new_tokens` will take precedence. Please refer to the documentation for more information. (https://huggingface.co/docs/transformers/main/en/main_classes/text_generation)
[transformers] Both `max_new_tokens` (=256) and `max_length`(=200) seem to have been set. `max_new_tokens` will take precedence. Please refer to the documentation for more information. (https://huggingface.co/docs/transformers/main/en/main_classes/text_generation)
[transformers] Both `max_new_tokens` (=256) and `max_length`(=200) seem to have been set. `max_new_tokens` will take precedence. Please refer to the documentation for more information. (https://huggingface.co/docs/transformers/main/en/main_classes/text_generation)
[transformers] Both `max_new_tokens` (=256) and `max_length`(=200) seem to have been set. `max_new_tokens` will take precedence. Please refer to the documentation for more information. (https://huggingface.co/docs/transformers/main/en/main_classes/text_generation)
[transformers] Both `max_new_tokens` (=256) and `max_length`(=200) seem to have been set. `max_new_tokens` will take precedence. Please refer to the documentation for more information. (https://huggingface.co/docs/transformers/main/en/main_classes/text_generation)
[transformers] Both `max_new_tokens` (=256) and `max_length`(=200) seem to have been set. `max_new_tokens` will take precedence. Please refer to the documentation for more information. (https://huggingface.co/docs/transformers/main/en/main_classes/text_generation)
[transformers] Both `max_new_tokens` (=256) and `max_length`(=200) seem to have been set. `max_new_tokens` will take precedence. Please refer to the documentation for more information. (https://huggingface.co/docs/transformers/main/en/main_classes/text_generation)
2026-05-26 11:59:28.560 | INFO     | __main__:evaluate:77 -   90/1012 done
[transformers] Both `max_new_tokens` (=256) and `max_length`(=200) seem to have been set. `max_new_tokens` will take precedence. Please refer to the documentation for more information. (https://huggingface.co/docs/transformers/main/en/main_classes/text_generation)
[transformers] Both `max_new_tokens` (=256) and `max_length`(=200) seem to have been set. `max_new_tokens` will take precedence. Please refer to the documentation for more information. (https://huggingface.co/docs/transformers/main/en/main_classes/text_generation)
[transformers] Both `max_new_tokens` (=256) and `max_length`(=200) seem to have been set. `max_new_tokens` will take precedence. Please refer to the documentation for more information. (https://huggingface.co/docs/transformers/main/en/main_classes/text_generation)
[transformers] Both `max_new_tokens` (=256) and `max_length`(=200) seem to have been set. `max_new_tokens` will take precedence. Please refer to the documentation for more information. (https://huggingface.co/docs/transformers/main/en/main_classes/text_generation)
[transformers] Both `max_new_tokens` (=256) and `max_length`(=200) seem to have been set. `max_new_tokens` will take precedence. Please refer to the documentation for more information. (https://huggingface.co/docs/transformers/main/en/main_classes/text_generation)
[transformers] Both `max_new_tokens` (=256) and `max_length`(=200) seem to have been set. `max_new_tokens` will take precedence. Please refer to the documentation for more information. (https://huggingface.co/docs/transformers/main/en/main_classes/text_generation)
[transformers] Both `max_new_tokens` (=256) and `max_length`(=200) seem to have been set. `max_new_tokens` will take precedence. Please refer to the documentation for more information. (https://huggingface.co/docs/transformers/main/en/main_classes/text_generation)
[transformers] Both `max_new_tokens` (=256) and `max_length`(=200) seem to have been set. `max_new_tokens` will take precedence. Please refer to the documentation for more information. (https://huggingface.co/docs/transformers/main/en/main_classes/text_generation)
[transformers] Both `max_new_tokens` (=256) and `max_length`(=200) seem to have been set. `max_new_tokens` will take precedence. Please refer to the documentation for more information. (https://huggingface.co/docs/transformers/main/en/main_classes/text_generation)
[transformers] Both `max_new_tokens` (=256) and `max_length`(=200) seem to have been set. `max_new_tokens` will take precedence. Please refer to the documentation for more information. (https://huggingface.co/docs/transformers/main/en/main_classes/text_generation)
2026-05-26 11:59:31.034 | INFO     | __main__:evaluate:77 -   100/1012 done
[transformers] Both `max_new_tokens` (=256) and `max_length`(=200) seem to have been set. `max_new_tokens` will take precedence. Please refer to the documentation for more information. (https://huggingface.co/docs/transformers/main/en/main_classes/text_generation)
[transformers] Both `max_new_tokens` (=256) and `max_length`(=200) seem to have been set. `max_new_tokens` will take precedence. Please refer to the documentation for more information. (https://huggingface.co/docs/transformers/main/en/main_classes/text_generation)
[transformers] Both `max_new_tokens` (=256) and `max_length`(=200) seem to have been set. `max_new_tokens` will take precedence. Please refer to the documentation for more information. (https://huggingface.co/docs/transformers/main/en/main_classes/text_generation)
[transformers] Both `max_new_tokens` (=256) and `max_length`(=200) seem to have been set. `max_new_tokens` will take precedence. Please refer to the documentation for more information. (https://huggingface.co/docs/transformers/main/en/main_classes/text_generation)
[transformers] Both `max_new_tokens` (=256) and `max_length`(=200) seem to have been set. `max_new_tokens` will take precedence. Please refer to the documentation for more information. (https://huggingface.co/docs/transformers/main/en/main_classes/text_generation)
[transformers] Both `max_new_tokens` (=256) and `max_length`(=200) seem to have been set. `max_new_tokens` will take precedence. Please refer to the documentation for more information. (https://huggingface.co/docs/transformers/main/en/main_classes/text_generation)
[transformers] Both `max_new_tokens` (=256) and `max_length`(=200) seem to have been set. `max_new_tokens` will take precedence. Please refer to the documentation for more information. (https://huggingface.co/docs/transformers/main/en/main_classes/text_generation)
[transformers] Both `max_new_tokens` (=256) and `max_length`(=200) seem to have been set. `max_new_tokens` will take precedence. Please refer to the documentation for more information. (https://huggingface.co/docs/transformers/main/en/main_classes/text_generation)
[transformers] Both `max_new_tokens` (=256) and `max_length`(=200) seem to have been set. `max_new_tokens` will take precedence. Please refer to the documentation for more information. (https://huggingface.co/docs/transformers/main/en/main_classes/text_generation)
[transformers] Both `max_new_tokens` (=256) and `max_length`(=200) seem to have been set. `max_new_tokens` will take precedence. Please refer to the documentation for more information. (https://huggingface.co/docs/transformers/main/en/main_classes/text_generation)
2026-05-26 11:59:33.428 | INFO     | __main__:evaluate:77 -   110/1012 done
[transformers] Both `max_new_tokens` (=256) and `max_length`(=200) seem to have been set. `max_new_tokens` will take precedence. Please refer to the documentation for more information. (https://huggingface.co/docs/transformers/main/en/main_classes/text_generation)
[transformers] Both `max_new_tokens` (=256) and `max_length`(=200) seem to have been set. `max_new_tokens` will take precedence. Please refer to the documentation for more information. (https://huggingface.co/docs/transformers/main/en/main_classes/text_generation)
[transformers] Both `max_new_tokens` (=256) and `max_length`(=200) seem to have been set. `max_new_tokens` will take precedence. Please refer to the documentation for more information. (https://huggingface.co/docs/transformers/main/en/main_classes/text_generation)
[transformers] Both `max_new_tokens` (=256) and `max_length`(=200) seem to have been set. `max_new_tokens` will take precedence. Please refer to the documentation for more information. (https://huggingface.co/docs/transformers/main/en/main_classes/text_generation)
[transformers] Both `max_new_tokens` (=256) and `max_length`(=200) seem to have been set. `max_new_tokens` will take precedence. Please refer to the documentation for more information. (https://huggingface.co/docs/transformers/main/en/main_classes/text_generation)
[transformers] Both `max_new_tokens` (=256) and `max_length`(=200) seem to have been set. `max_new_tokens` will take precedence. Please refer to the documentation for more information. (https://huggingface.co/docs/transformers/main/en/main_classes/text_generation)
[transformers] Both `max_new_tokens` (=256) and `max_length`(=200) seem to have been set. `max_new_tokens` will take precedence. Please refer to the documentation for more information. (https://huggingface.co/docs/transformers/main/en/main_classes/text_generation)
[transformers] Both `max_new_tokens` (=256) and `max_length`(=200) seem to have been set. `max_new_tokens` will take precedence. Please refer to the documentation for more information. (https://huggingface.co/docs/transformers/main/en/main_classes/text_generation)
[transformers] Both `max_new_tokens` (=256) and `max_length`(=200) seem to have been set. `max_new_tokens` will take precedence. Please refer to the documentation for more information. (https://huggingface.co/docs/transformers/main/en/main_classes/text_generation)
[transformers] Both `max_new_tokens` (=256) and `max_length`(=200) seem to have been set. `max_new_tokens` will take precedence. Please refer to the documentation for more information. (https://huggingface.co/docs/transformers/main/en/main_classes/text_generation)
2026-05-26 11:59:35.583 | INFO     | __main__:evaluate:77 -   120/1012 done
[transformers] Both `max_new_tokens` (=256) and `max_length`(=200) seem to have been set. `max_new_tokens` will take precedence. Please refer to the documentation for more information. (https://huggingface.co/docs/transformers/main/en/main_classes/text_generation)
[transformers] Both `max_new_tokens` (=256) and `max_length`(=200) seem to have been set. `max_new_tokens` will take precedence. Please refer to the documentation for more information. (https://huggingface.co/docs/transformers/main/en/main_classes/text_generation)
[transformers] Both `max_new_tokens` (=256) and `max_length`(=200) seem to have been set. `max_new_tokens` will take precedence. Please refer to the documentation for more information. (https://huggingface.co/docs/transformers/main/en/main_classes/text_generation)
[transformers] Both `max_new_tokens` (=256) and `max_length`(=200) seem to have been set. `max_new_tokens` will take precedence. Please refer to the documentation for more information. (https://huggingface.co/docs/transformers/main/en/main_classes/text_generation)
[transformers] Both `max_new_tokens` (=256) and `max_length`(=200) seem to have been set. `max_new_tokens` will take precedence. Please refer to the documentation for more information. (https://huggingface.co/docs/transformers/main/en/main_classes/text_generation)
[transformers] Both `max_new_tokens` (=256) and `max_length`(=200) seem to have been set. `max_new_tokens` will take precedence. Please refer to the documentation for more information. (https://huggingface.co/docs/transformers/main/en/main_classes/text_generation)
[transformers] Both `max_new_tokens` (=256) and `max_length`(=200) seem to have been set. `max_new_tokens` will take precedence. Please refer to the documentation for more information. (https://huggingface.co/docs/transformers/main/en/main_classes/text_generation)
[transformers] Both `max_new_tokens` (=256) and `max_length`(=200) seem to have been set. `max_new_tokens` will take precedence. Please refer to the documentation for more information. (https://huggingface.co/docs/transformers/main/en/main_classes/text_generation)
[transformers] Both `max_new_tokens` (=256) and `max_length`(=200) seem to have been set. `max_new_tokens` will take precedence. Please refer to the documentation for more information. (https://huggingface.co/docs/transformers/main/en/main_classes/text_generation)
[transformers] Both `max_new_tokens` (=256) and `max_length`(=200) seem to have been set. `max_new_tokens` will take precedence. Please refer to the documentation for more information. (https://huggingface.co/docs/transformers/main/en/main_classes/text_generation)
2026-05-26 11:59:37.653 | INFO     | __main__:evaluate:77 -   130/1012 done
[transformers] Both `max_new_tokens` (=256) and `max_length`(=200) seem to have been set. `max_new_tokens` will take precedence. Please refer to the documentation for more information. (https://huggingface.co/docs/transformers/main/en/main_classes/text_generation)
[transformers] Both `max_new_tokens` (=256) and `max_length`(=200) seem to have been set. `max_new_tokens` will take precedence. Please refer to the documentation for more information. (https://huggingface.co/docs/transformers/main/en/main_classes/text_generation)
[transformers] Both `max_new_tokens` (=256) and `max_length`(=200) seem to have been set. `max_new_tokens` will take precedence. Please refer to the documentation for more information. (https://huggingface.co/docs/transformers/main/en/main_classes/text_generation)
[transformers] Both `max_new_tokens` (=256) and `max_length`(=200) seem to have been set. `max_new_tokens` will take precedence. Please refer to the documentation for more information. (https://huggingface.co/docs/transformers/main/en/main_classes/text_generation)
[transformers] Both `max_new_tokens` (=256) and `max_length`(=200) seem to have been set. `max_new_tokens` will take precedence. Please refer to the documentation for more information. (https://huggingface.co/docs/transformers/main/en/main_classes/text_generation)
[transformers] Both `max_new_tokens` (=256) and `max_length`(=200) seem to have been set. `max_new_tokens` will take precedence. Please refer to the documentation for more information. (https://huggingface.co/docs/transformers/main/en/main_classes/text_generation)
[transformers] Both `max_new_tokens` (=256) and `max_length`(=200) seem to have been set. `max_new_tokens` will take precedence. Please refer to the documentation for more information. (https://huggingface.co/docs/transformers/main/en/main_classes/text_generation)
[transformers] Both `max_new_tokens` (=256) and `max_length`(=200) seem to have been set. `max_new_tokens` will take precedence. Please refer to the documentation for more information. (https://huggingface.co/docs/transformers/main/en/main_classes/text_generation)
[transformers] Both `max_new_tokens` (=256) and `max_length`(=200) seem to have been set. `max_new_tokens` will take precedence. Please refer to the documentation for more information. (https://huggingface.co/docs/transformers/main/en/main_classes/text_generation)
[transformers] Both `max_new_tokens` (=256) and `max_length`(=200) seem to have been set. `max_new_tokens` will take precedence. Please refer to the documentation for more information. (https://huggingface.co/docs/transformers/main/en/main_classes/text_generation)
2026-05-26 11:59:39.829 | INFO     | __main__:evaluate:77 -   140/1012 done
[transformers] Both `max_new_tokens` (=256) and `max_length`(=200) seem to have been set. `max_new_tokens` will take precedence. Please refer to the documentation for more information. (https://huggingface.co/docs/transformers/main/en/main_classes/text_generation)
[transformers] Both `max_new_tokens` (=256) and `max_length`(=200) seem to have been set. `max_new_tokens` will take precedence. Please refer to the documentation for more information. (https://huggingface.co/docs/transformers/main/en/main_classes/text_generation)
[transformers] Both `max_new_tokens` (=256) and `max_length`(=200) seem to have been set. `max_new_tokens` will take precedence. Please refer to the documentation for more information. (https://huggingface.co/docs/transformers/main/en/main_classes/text_generation)
[transformers] Both `max_new_tokens` (=256) and `max_length`(=200) seem to have been set. `max_new_tokens` will take precedence. Please refer to the documentation for more information. (https://huggingface.co/docs/transformers/main/en/main_classes/text_generation)
[transformers] Both `max_new_tokens` (=256) and `max_length`(=200) seem to have been set. `max_new_tokens` will take precedence. Please refer to the documentation for more information. (https://huggingface.co/docs/transformers/main/en/main_classes/text_generation)
[transformers] Both `max_new_tokens` (=256) and `max_length`(=200) seem to have been set. `max_new_tokens` will take precedence. Please refer to the documentation for more information. (https://huggingface.co/docs/transformers/main/en/main_classes/text_generation)
[transformers] Both `max_new_tokens` (=256) and `max_length`(=200) seem to have been set. `max_new_tokens` will take precedence. Please refer to the documentation for more information. (https://huggingface.co/docs/transformers/main/en/main_classes/text_generation)
[transformers] Both `max_new_tokens` (=256) and `max_length`(=200) seem to have been set. `max_new_tokens` will take precedence. Please refer to the documentation for more information. (https://huggingface.co/docs/transformers/main/en/main_classes/text_generation)
[transformers] Both `max_new_tokens` (=256) and `max_length`(=200) seem to have been set. `max_new_tokens` will take precedence. Please refer to the documentation for more information. (https://huggingface.co/docs/transformers/main/en/main_classes/text_generation)
[transformers] Both `max_new_tokens` (=256) and `max_length`(=200) seem to have been set. `max_new_tokens` will take precedence. Please refer to the documentation for more information. (https://huggingface.co/docs/transformers/main/en/main_classes/text_generation)
2026-05-26 11:59:42.313 | INFO     | __main__:evaluate:77 -   150/1012 done
[transformers] Both `max_new_tokens` (=256) and `max_length`(=200) seem to have been set. `max_new_tokens` will take precedence. Please refer to the documentation for more information. (https://huggingface.co/docs/transformers/main/en/main_classes/text_generation)
[transformers] Both `max_new_tokens` (=256) and `max_length`(=200) seem to have been set. `max_new_tokens` will take precedence. Please refer to the documentation for more information. (https://huggingface.co/docs/transformers/main/en/main_classes/text_generation)
[transformers] Both `max_new_tokens` (=256) and `max_length`(=200) seem to have been set. `max_new_tokens` will take precedence. Please refer to the documentation for more information. (https://huggingface.co/docs/transformers/main/en/main_classes/text_generation)
[transformers] Both `max_new_tokens` (=256) and `max_length`(=200) seem to have been set. `max_new_tokens` will take precedence. Please refer to the documentation for more information. (https://huggingface.co/docs/transformers/main/en/main_classes/text_generation)
[transformers] Both `max_new_tokens` (=256) and `max_length`(=200) seem to have been set. `max_new_tokens` will take precedence. Please refer to the documentation for more information. (https://huggingface.co/docs/transformers/main/en/main_classes/text_generation)
[transformers] Both `max_new_tokens` (=256) and `max_length`(=200) seem to have been set. `max_new_tokens` will take precedence. Please refer to the documentation for more information. (https://huggingface.co/docs/transformers/main/en/main_classes/text_generation)
[transformers] Both `max_new_tokens` (=256) and `max_length`(=200) seem to have been set. `max_new_tokens` will take precedence. Please refer to the documentation for more information. (https://huggingface.co/docs/transformers/main/en/main_classes/text_generation)
[transformers] Both `max_new_tokens` (=256) and `max_length`(=200) seem to have been set. `max_new_tokens` will take precedence. Please refer to the documentation for more information. (https://huggingface.co/docs/transformers/main/en/main_classes/text_generation)
[transformers] Both `max_new_tokens` (=256) and `max_length`(=200) seem to have been set. `max_new_tokens` will take precedence. Please refer to the documentation for more information. (https://huggingface.co/docs/transformers/main/en/main_classes/text_generation)
[transformers] Both `max_new_tokens` (=256) and `max_length`(=200) seem to have been set. `max_new_tokens` will take precedence. Please refer to the documentation for more information. (https://huggingface.co/docs/transformers/main/en/main_classes/text_generation)
2026-05-26 11:59:44.364 | INFO     | __main__:evaluate:77 -   160/1012 done
[transformers] Both `max_new_tokens` (=256) and `max_length`(=200) seem to have been set. `max_new_tokens` will take precedence. Please refer to the documentation for more information. (https://huggingface.co/docs/transformers/main/en/main_classes/text_generation)
[transformers] Both `max_new_tokens` (=256) and `max_length`(=200) seem to have been set. `max_new_tokens` will take precedence. Please refer to the documentation for more information. (https://huggingface.co/docs/transformers/main/en/main_classes/text_generation)
[transformers] Both `max_new_tokens` (=256) and `max_length`(=200) seem to have been set. `max_new_tokens` will take precedence. Please refer to the documentation for more information. (https://huggingface.co/docs/transformers/main/en/main_classes/text_generation)
[transformers] Both `max_new_tokens` (=256) and `max_length`(=200) seem to have been set. `max_new_tokens` will take precedence. Please refer to the documentation for more information. (https://huggingface.co/docs/transformers/main/en/main_classes/text_generation)
[transformers] Both `max_new_tokens` (=256) and `max_length`(=200) seem to have been set. `max_new_tokens` will take precedence. Please refer to the documentation for more information. (https://huggingface.co/docs/transformers/main/en/main_classes/text_generation)
[transformers] Both `max_new_tokens` (=256) and `max_length`(=200) seem to have been set. `max_new_tokens` will take precedence. Please refer to the documentation for more information. (https://huggingface.co/docs/transformers/main/en/main_classes/text_generation)
[transformers] Both `max_new_tokens` (=256) and `max_length`(=200) seem to have been set. `max_new_tokens` will take precedence. Please refer to the documentation for more information. (https://huggingface.co/docs/transformers/main/en/main_classes/text_generation)
[transformers] Both `max_new_tokens` (=256) and `max_length`(=200) seem to have been set. `max_new_tokens` will take precedence. Please refer to the documentation for more information. (https://huggingface.co/docs/transformers/main/en/main_classes/text_generation)
[transformers] Both `max_new_tokens` (=256) and `max_length`(=200) seem to have been set. `max_new_tokens` will take precedence. Please refer to the documentation for more information. (https://huggingface.co/docs/transformers/main/en/main_classes/text_generation)
[transformers] Both `max_new_tokens` (=256) and `max_length`(=200) seem to have been set. `max_new_tokens` will take precedence. Please refer to the documentation for more information. (https://huggingface.co/docs/transformers/main/en/main_classes/text_generation)
2026-05-26 11:59:47.272 | INFO     | __main__:evaluate:77 -   170/1012 done
[transformers] Both `max_new_tokens` (=256) and `max_length`(=200) seem to have been set. `max_new_tokens` will take precedence. Please refer to the documentation for more information. (https://huggingface.co/docs/transformers/main/en/main_classes/text_generation)
[transformers] Both `max_new_tokens` (=256) and `max_length`(=200) seem to have been set. `max_new_tokens` will take precedence. Please refer to the documentation for more information. (https://huggingface.co/docs/transformers/main/en/main_classes/text_generation)
[transformers] Both `max_new_tokens` (=256) and `max_length`(=200) seem to have been set. `max_new_tokens` will take precedence. Please refer to the documentation for more information. (https://huggingface.co/docs/transformers/main/en/main_classes/text_generation)
[transformers] Both `max_new_tokens` (=256) and `max_length`(=200) seem to have been set. `max_new_tokens` will take precedence. Please refer to the documentation for more information. (https://huggingface.co/docs/transformers/main/en/main_classes/text_generation)
[transformers] Both `max_new_tokens` (=256) and `max_length`(=200) seem to have been set. `max_new_tokens` will take precedence. Please refer to the documentation for more information. (https://huggingface.co/docs/transformers/main/en/main_classes/text_generation)
[transformers] Both `max_new_tokens` (=256) and `max_length`(=200) seem to have been set. `max_new_tokens` will take precedence. Please refer to the documentation for more information. (https://huggingface.co/docs/transformers/main/en/main_classes/text_generation)
[transformers] Both `max_new_tokens` (=256) and `max_length`(=200) seem to have been set. `max_new_tokens` will take precedence. Please refer to the documentation for more information. (https://huggingface.co/docs/transformers/main/en/main_classes/text_generation)
[transformers] Both `max_new_tokens` (=256) and `max_length`(=200) seem to have been set. `max_new_tokens` will take precedence. Please refer to the documentation for more information. (https://huggingface.co/docs/transformers/main/en/main_classes/text_generation)
[transformers] Both `max_new_tokens` (=256) and `max_length`(=200) seem to have been set. `max_new_tokens` will take precedence. Please refer to the documentation for more information. (https://huggingface.co/docs/transformers/main/en/main_classes/text_generation)
[transformers] Both `max_new_tokens` (=256) and `max_length`(=200) seem to have been set. `max_new_tokens` will take precedence. Please refer to the documentation for more information. (https://huggingface.co/docs/transformers/main/en/main_classes/text_generation)
2026-05-26 11:59:49.209 | INFO     | __main__:evaluate:77 -   180/1012 done
[transformers] Both `max_new_tokens` (=256) and `max_length`(=200) seem to have been set. `max_new_tokens` will take precedence. Please refer to the documentation for more information. (https://huggingface.co/docs/transformers/main/en/main_classes/text_generation)
[transformers] Both `max_new_tokens` (=256) and `max_length`(=200) seem to have been set. `max_new_tokens` will take precedence. Please refer to the documentation for more information. (https://huggingface.co/docs/transformers/main/en/main_classes/text_generation)
[transformers] Both `max_new_tokens` (=256) and `max_length`(=200) seem to have been set. `max_new_tokens` will take precedence. Please refer to the documentation for more information. (https://huggingface.co/docs/transformers/main/en/main_classes/text_generation)
[transformers] Both `max_new_tokens` (=256) and `max_length`(=200) seem to have been set. `max_new_tokens` will take precedence. Please refer to the documentation for more information. (https://huggingface.co/docs/transformers/main/en/main_classes/text_generation)
[transformers] Both `max_new_tokens` (=256) and `max_length`(=200) seem to have been set. `max_new_tokens` will take precedence. Please refer to the documentation for more information. (https://huggingface.co/docs/transformers/main/en/main_classes/text_generation)
[transformers] Both `max_new_tokens` (=256) and `max_length`(=200) seem to have been set. `max_new_tokens` will take precedence. Please refer to the documentation for more information. (https://huggingface.co/docs/transformers/main/en/main_classes/text_generation)
[transformers] Both `max_new_tokens` (=256) and `max_length`(=200) seem to have been set. `max_new_tokens` will take precedence. Please refer to the documentation for more information. (https://huggingface.co/docs/transformers/main/en/main_classes/text_generation)
[transformers] Both `max_new_tokens` (=256) and `max_length`(=200) seem to have been set. `max_new_tokens` will take precedence. Please refer to the documentation for more information. (https://huggingface.co/docs/transformers/main/en/main_classes/text_generation)
[transformers] Both `max_new_tokens` (=256) and `max_length`(=200) seem to have been set. `max_new_tokens` will take precedence. Please refer to the documentation for more information. (https://huggingface.co/docs/transformers/main/en/main_classes/text_generation)
[transformers] Both `max_new_tokens` (=256) and `max_length`(=200) seem to have been set. `max_new_tokens` will take precedence. Please refer to the documentation for more information. (https://huggingface.co/docs/transformers/main/en/main_classes/text_generation)
2026-05-26 11:59:52.394 | INFO     | __main__:evaluate:77 -   190/1012 done
[transformers] Both `max_new_tokens` (=256) and `max_length`(=200) seem to have been set. `max_new_tokens` will take precedence. Please refer to the documentation for more information. (https://huggingface.co/docs/transformers/main/en/main_classes/text_generation)
[transformers] Both `max_new_tokens` (=256) and `max_length`(=200) seem to have been set. `max_new_tokens` will take precedence. Please refer to the documentation for more information. (https://huggingface.co/docs/transformers/main/en/main_classes/text_generation)
[transformers] Both `max_new_tokens` (=256) and `max_length`(=200) seem to have been set. `max_new_tokens` will take precedence. Please refer to the documentation for more information. (https://huggingface.co/docs/transformers/main/en/main_classes/text_generation)
[transformers] Both `max_new_tokens` (=256) and `max_length`(=200) seem to have been set. `max_new_tokens` will take precedence. Please refer to the documentation for more information. (https://huggingface.co/docs/transformers/main/en/main_classes/text_generation)
[transformers] Both `max_new_tokens` (=256) and `max_length`(=200) seem to have been set. `max_new_tokens` will take precedence. Please refer to the documentation for more information. (https://huggingface.co/docs/transformers/main/en/main_classes/text_generation)
[transformers] Both `max_new_tokens` (=256) and `max_length`(=200) seem to have been set. `max_new_tokens` will take precedence. Please refer to the documentation for more information. (https://huggingface.co/docs/transformers/main/en/main_classes/text_generation)
[transformers] Both `max_new_tokens` (=256) and `max_length`(=200) seem to have been set. `max_new_tokens` will take precedence. Please refer to the documentation for more information. (https://huggingface.co/docs/transformers/main/en/main_classes/text_generation)
[transformers] Both `max_new_tokens` (=256) and `max_length`(=200) seem to have been set. `max_new_tokens` will take precedence. Please refer to the documentation for more information. (https://huggingface.co/docs/transformers/main/en/main_classes/text_generation)
[transformers] Both `max_new_tokens` (=256) and `max_length`(=200) seem to have been set. `max_new_tokens` will take precedence. Please refer to the documentation for more information. (https://huggingface.co/docs/transformers/main/en/main_classes/text_generation)
[transformers] Both `max_new_tokens` (=256) and `max_length`(=200) seem to have been set. `max_new_tokens` will take precedence. Please refer to the documentation for more information. (https://huggingface.co/docs/transformers/main/en/main_classes/text_generation)
2026-05-26 11:59:55.227 | INFO     | __main__:evaluate:77 -   200/1012 done
[transformers] Both `max_new_tokens` (=256) and `max_length`(=200) seem to have been set. `max_new_tokens` will take precedence. Please refer to the documentation for more information. (https://huggingface.co/docs/transformers/main/en/main_classes/text_generation)
[transformers] Both `max_new_tokens` (=256) and `max_length`(=200) seem to have been set. `max_new_tokens` will take precedence. Please refer to the documentation for more information. (https://huggingface.co/docs/transformers/main/en/main_classes/text_generation)
[transformers] Both `max_new_tokens` (=256) and `max_length`(=200) seem to have been set. `max_new_tokens` will take precedence. Please refer to the documentation for more information. (https://huggingface.co/docs/transformers/main/en/main_classes/text_generation)
[transformers] Both `max_new_tokens` (=256) and `max_length`(=200) seem to have been set. `max_new_tokens` will take precedence. Please refer to the documentation for more information. (https://huggingface.co/docs/transformers/main/en/main_classes/text_generation)
[transformers] Both `max_new_tokens` (=256) and `max_length`(=200) seem to have been set. `max_new_tokens` will take precedence. Please refer to the documentation for more information. (https://huggingface.co/docs/transformers/main/en/main_classes/text_generation)
[transformers] Both `max_new_tokens` (=256) and `max_length`(=200) seem to have been set. `max_new_tokens` will take precedence. Please refer to the documentation for more information. (https://huggingface.co/docs/transformers/main/en/main_classes/text_generation)
[transformers] Both `max_new_tokens` (=256) and `max_length`(=200) seem to have been set. `max_new_tokens` will take precedence. Please refer to the documentation for more information. (https://huggingface.co/docs/transformers/main/en/main_classes/text_generation)
[transformers] Both `max_new_tokens` (=256) and `max_length`(=200) seem to have been set. `max_new_tokens` will take precedence. Please refer to the documentation for more information. (https://huggingface.co/docs/transformers/main/en/main_classes/text_generation)
[transformers] Both `max_new_tokens` (=256) and `max_length`(=200) seem to have been set. `max_new_tokens` will take precedence. Please refer to the documentation for more information. (https://huggingface.co/docs/transformers/main/en/main_classes/text_generation)
[transformers] Both `max_new_tokens` (=256) and `max_length`(=200) seem to have been set. `max_new_tokens` will take precedence. Please refer to the documentation for more information. (https://huggingface.co/docs/transformers/main/en/main_classes/text_generation)
2026-05-26 11:59:57.797 | INFO     | __main__:evaluate:77 -   210/1012 done
[transformers] Both `max_new_tokens` (=256) and `max_length`(=200) seem to have been set. `max_new_tokens` will take precedence. Please refer to the documentation for more information. (https://huggingface.co/docs/transformers/main/en/main_classes/text_generation)
[transformers] Both `max_new_tokens` (=256) and `max_length`(=200) seem to have been set. `max_new_tokens` will take precedence. Please refer to the documentation for more information. (https://huggingface.co/docs/transformers/main/en/main_classes/text_generation)
[transformers] Both `max_new_tokens` (=256) and `max_length`(=200) seem to have been set. `max_new_tokens` will take precedence. Please refer to the documentation for more information. (https://huggingface.co/docs/transformers/main/en/main_classes/text_generation)
[transformers] Both `max_new_tokens` (=256) and `max_length`(=200) seem to have been set. `max_new_tokens` will take precedence. Please refer to the documentation for more information. (https://huggingface.co/docs/transformers/main/en/main_classes/text_generation)
[transformers] Both `max_new_tokens` (=256) and `max_length`(=200) seem to have been set. `max_new_tokens` will take precedence. Please refer to the documentation for more information. (https://huggingface.co/docs/transformers/main/en/main_classes/text_generation)
[transformers] Both `max_new_tokens` (=256) and `max_length`(=200) seem to have been set. `max_new_tokens` will take precedence. Please refer to the documentation for more information. (https://huggingface.co/docs/transformers/main/en/main_classes/text_generation)
[transformers] Both `max_new_tokens` (=256) and `max_length`(=200) seem to have been set. `max_new_tokens` will take precedence. Please refer to the documentation for more information. (https://huggingface.co/docs/transformers/main/en/main_classes/text_generation)
[transformers] Both `max_new_tokens` (=256) and `max_length`(=200) seem to have been set. `max_new_tokens` will take precedence. Please refer to the documentation for more information. (https://huggingface.co/docs/transformers/main/en/main_classes/text_generation)
[transformers] Both `max_new_tokens` (=256) and `max_length`(=200) seem to have been set. `max_new_tokens` will take precedence. Please refer to the documentation for more information. (https://huggingface.co/docs/transformers/main/en/main_classes/text_generation)
[transformers] Both `max_new_tokens` (=256) and `max_length`(=200) seem to have been set. `max_new_tokens` will take precedence. Please refer to the documentation for more information. (https://huggingface.co/docs/transformers/main/en/main_classes/text_generation)
2026-05-26 12:00:00.516 | INFO     | __main__:evaluate:77 -   220/1012 done
[transformers] Both `max_new_tokens` (=256) and `max_length`(=200) seem to have been set. `max_new_tokens` will take precedence. Please refer to the documentation for more information. (https://huggingface.co/docs/transformers/main/en/main_classes/text_generation)
[transformers] Both `max_new_tokens` (=256) and `max_length`(=200) seem to have been set. `max_new_tokens` will take precedence. Please refer to the documentation for more information. (https://huggingface.co/docs/transformers/main/en/main_classes/text_generation)
[transformers] Both `max_new_tokens` (=256) and `max_length`(=200) seem to have been set. `max_new_tokens` will take precedence. Please refer to the documentation for more information. (https://huggingface.co/docs/transformers/main/en/main_classes/text_generation)
[transformers] Both `max_new_tokens` (=256) and `max_length`(=200) seem to have been set. `max_new_tokens` will take precedence. Please refer to the documentation for more information. (https://huggingface.co/docs/transformers/main/en/main_classes/text_generation)
[transformers] Both `max_new_tokens` (=256) and `max_length`(=200) seem to have been set. `max_new_tokens` will take precedence. Please refer to the documentation for more information. (https://huggingface.co/docs/transformers/main/en/main_classes/text_generation)
[transformers] Both `max_new_tokens` (=256) and `max_length`(=200) seem to have been set. `max_new_tokens` will take precedence. Please refer to the documentation for more information. (https://huggingface.co/docs/transformers/main/en/main_classes/text_generation)
[transformers] Both `max_new_tokens` (=256) and `max_length`(=200) seem to have been set. `max_new_tokens` will take precedence. Please refer to the documentation for more information. (https://huggingface.co/docs/transformers/main/en/main_classes/text_generation)
[transformers] Both `max_new_tokens` (=256) and `max_length`(=200) seem to have been set. `max_new_tokens` will take precedence. Please refer to the documentation for more information. (https://huggingface.co/docs/transformers/main/en/main_classes/text_generation)
[transformers] Both `max_new_tokens` (=256) and `max_length`(=200) seem to have been set. `max_new_tokens` will take precedence. Please refer to the documentation for more information. (https://huggingface.co/docs/transformers/main/en/main_classes/text_generation)
[transformers] Both `max_new_tokens` (=256) and `max_length`(=200) seem to have been set. `max_new_tokens` will take precedence. Please refer to the documentation for more information. (https://huggingface.co/docs/transformers/main/en/main_classes/text_generation)
2026-05-26 12:00:02.703 | INFO     | __main__:evaluate:77 -   230/1012 done
[transformers] Both `max_new_tokens` (=256) and `max_length`(=200) seem to have been set. `max_new_tokens` will take precedence. Please refer to the documentation for more information. (https://huggingface.co/docs/transformers/main/en/main_classes/text_generation)
[transformers] Both `max_new_tokens` (=256) and `max_length`(=200) seem to have been set. `max_new_tokens` will take precedence. Please refer to the documentation for more information. (https://huggingface.co/docs/transformers/main/en/main_classes/text_generation)
[transformers] Both `max_new_tokens` (=256) and `max_length`(=200) seem to have been set. `max_new_tokens` will take precedence. Please refer to the documentation for more information. (https://huggingface.co/docs/transformers/main/en/main_classes/text_generation)
[transformers] Both `max_new_tokens` (=256) and `max_length`(=200) seem to have been set. `max_new_tokens` will take precedence. Please refer to the documentation for more information. (https://huggingface.co/docs/transformers/main/en/main_classes/text_generation)
[transformers] Both `max_new_tokens` (=256) and `max_length`(=200) seem to have been set. `max_new_tokens` will take precedence. Please refer to the documentation for more information. (https://huggingface.co/docs/transformers/main/en/main_classes/text_generation)
[transformers] Both `max_new_tokens` (=256) and `max_length`(=200) seem to have been set. `max_new_tokens` will take precedence. Please refer to the documentation for more information. (https://huggingface.co/docs/transformers/main/en/main_classes/text_generation)
[transformers] Both `max_new_tokens` (=256) and `max_length`(=200) seem to have been set. `max_new_tokens` will take precedence. Please refer to the documentation for more information. (https://huggingface.co/docs/transformers/main/en/main_classes/text_generation)
[transformers] Both `max_new_tokens` (=256) and `max_length`(=200) seem to have been set. `max_new_tokens` will take precedence. Please refer to the documentation for more information. (https://huggingface.co/docs/transformers/main/en/main_classes/text_generation)
[transformers] Both `max_new_tokens` (=256) and `max_length`(=200) seem to have been set. `max_new_tokens` will take precedence. Please refer to the documentation for more information. (https://huggingface.co/docs/transformers/main/en/main_classes/text_generation)
[transformers] Both `max_new_tokens` (=256) and `max_length`(=200) seem to have been set. `max_new_tokens` will take precedence. Please refer to the documentation for more information. (https://huggingface.co/docs/transformers/main/en/main_classes/text_generation)
2026-05-26 12:00:04.988 | INFO     | __main__:evaluate:77 -   240/1012 done
[transformers] Both `max_new_tokens` (=256) and `max_length`(=200) seem to have been set. `max_new_tokens` will take precedence. Please refer to the documentation for more information. (https://huggingface.co/docs/transformers/main/en/main_classes/text_generation)
[transformers] Both `max_new_tokens` (=256) and `max_length`(=200) seem to have been set. `max_new_tokens` will take precedence. Please refer to the documentation for more information. (https://huggingface.co/docs/transformers/main/en/main_classes/text_generation)
[transformers] Both `max_new_tokens` (=256) and `max_length`(=200) seem to have been set. `max_new_tokens` will take precedence. Please refer to the documentation for more information. (https://huggingface.co/docs/transformers/main/en/main_classes/text_generation)
[transformers] Both `max_new_tokens` (=256) and `max_length`(=200) seem to have been set. `max_new_tokens` will take precedence. Please refer to the documentation for more information. (https://huggingface.co/docs/transformers/main/en/main_classes/text_generation)
[transformers] Both `max_new_tokens` (=256) and `max_length`(=200) seem to have been set. `max_new_tokens` will take precedence. Please refer to the documentation for more information. (https://huggingface.co/docs/transformers/main/en/main_classes/text_generation)
[transformers] Both `max_new_tokens` (=256) and `max_length`(=200) seem to have been set. `max_new_tokens` will take precedence. Please refer to the documentation for more information. (https://huggingface.co/docs/transformers/main/en/main_classes/text_generation)
[transformers] Both `max_new_tokens` (=256) and `max_length`(=200) seem to have been set. `max_new_tokens` will take precedence. Please refer to the documentation for more information. (https://huggingface.co/docs/transformers/main/en/main_classes/text_generation)
[transformers] Both `max_new_tokens` (=256) and `max_length`(=200) seem to have been set. `max_new_tokens` will take precedence. Please refer to the documentation for more information. (https://huggingface.co/docs/transformers/main/en/main_classes/text_generation)
[transformers] Both `max_new_tokens` (=256) and `max_length`(=200) seem to have been set. `max_new_tokens` will take precedence. Please refer to the documentation for more information. (https://huggingface.co/docs/transformers/main/en/main_classes/text_generation)
[transformers] Both `max_new_tokens` (=256) and `max_length`(=200) seem to have been set. `max_new_tokens` will take precedence. Please refer to the documentation for more information. (https://huggingface.co/docs/transformers/main/en/main_classes/text_generation)
2026-05-26 12:00:08.015 | INFO     | __main__:evaluate:77 -   250/1012 done
[transformers] Both `max_new_tokens` (=256) and `max_length`(=200) seem to have been set. `max_new_tokens` will take precedence. Please refer to the documentation for more information. (https://huggingface.co/docs/transformers/main/en/main_classes/text_generation)
[transformers] Both `max_new_tokens` (=256) and `max_length`(=200) seem to have been set. `max_new_tokens` will take precedence. Please refer to the documentation for more information. (https://huggingface.co/docs/transformers/main/en/main_classes/text_generation)
[transformers] Both `max_new_tokens` (=256) and `max_length`(=200) seem to have been set. `max_new_tokens` will take precedence. Please refer to the documentation for more information. (https://huggingface.co/docs/transformers/main/en/main_classes/text_generation)
[transformers] Both `max_new_tokens` (=256) and `max_length`(=200) seem to have been set. `max_new_tokens` will take precedence. Please refer to the documentation for more information. (https://huggingface.co/docs/transformers/main/en/main_classes/text_generation)
[transformers] Both `max_new_tokens` (=256) and `max_length`(=200) seem to have been set. `max_new_tokens` will take precedence. Please refer to the documentation for more information. (https://huggingface.co/docs/transformers/main/en/main_classes/text_generation)
[transformers] Both `max_new_tokens` (=256) and `max_length`(=200) seem to have been set. `max_new_tokens` will take precedence. Please refer to the documentation for more information. (https://huggingface.co/docs/transformers/main/en/main_classes/text_generation)
[transformers] Both `max_new_tokens` (=256) and `max_length`(=200) seem to have been set. `max_new_tokens` will take precedence. Please refer to the documentation for more information. (https://huggingface.co/docs/transformers/main/en/main_classes/text_generation)
[transformers] Both `max_new_tokens` (=256) and `max_length`(=200) seem to have been set. `max_new_tokens` will take precedence. Please refer to the documentation for more information. (https://huggingface.co/docs/transformers/main/en/main_classes/text_generation)
[transformers] Both `max_new_tokens` (=256) and `max_length`(=200) seem to have been set. `max_new_tokens` will take precedence. Please refer to the documentation for more information. (https://huggingface.co/docs/transformers/main/en/main_classes/text_generation)
[transformers] Both `max_new_tokens` (=256) and `max_length`(=200) seem to have been set. `max_new_tokens` will take precedence. Please refer to the documentation for more information. (https://huggingface.co/docs/transformers/main/en/main_classes/text_generation)
2026-05-26 12:00:10.281 | INFO     | __main__:evaluate:77 -   260/1012 done
[transformers] Both `max_new_tokens` (=256) and `max_length`(=200) seem to have been set. `max_new_tokens` will take precedence. Please refer to the documentation for more information. (https://huggingface.co/docs/transformers/main/en/main_classes/text_generation)
[transformers] Both `max_new_tokens` (=256) and `max_length`(=200) seem to have been set. `max_new_tokens` will take precedence. Please refer to the documentation for more information. (https://huggingface.co/docs/transformers/main/en/main_classes/text_generation)
[transformers] Both `max_new_tokens` (=256) and `max_length`(=200) seem to have been set. `max_new_tokens` will take precedence. Please refer to the documentation for more information. (https://huggingface.co/docs/transformers/main/en/main_classes/text_generation)
[transformers] Both `max_new_tokens` (=256) and `max_length`(=200) seem to have been set. `max_new_tokens` will take precedence. Please refer to the documentation for more information. (https://huggingface.co/docs/transformers/main/en/main_classes/text_generation)
[transformers] Both `max_new_tokens` (=256) and `max_length`(=200) seem to have been set. `max_new_tokens` will take precedence. Please refer to the documentation for more information. (https://huggingface.co/docs/transformers/main/en/main_classes/text_generation)
[transformers] Both `max_new_tokens` (=256) and `max_length`(=200) seem to have been set. `max_new_tokens` will take precedence. Please refer to the documentation for more information. (https://huggingface.co/docs/transformers/main/en/main_classes/text_generation)
[transformers] Both `max_new_tokens` (=256) and `max_length`(=200) seem to have been set. `max_new_tokens` will take precedence. Please refer to the documentation for more information. (https://huggingface.co/docs/transformers/main/en/main_classes/text_generation)
[transformers] Both `max_new_tokens` (=256) and `max_length`(=200) seem to have been set. `max_new_tokens` will take precedence. Please refer to the documentation for more information. (https://huggingface.co/docs/transformers/main/en/main_classes/text_generation)
[transformers] Both `max_new_tokens` (=256) and `max_length`(=200) seem to have been set. `max_new_tokens` will take precedence. Please refer to the documentation for more information. (https://huggingface.co/docs/transformers/main/en/main_classes/text_generation)
[transformers] Both `max_new_tokens` (=256) and `max_length`(=200) seem to have been set. `max_new_tokens` will take precedence. Please refer to the documentation for more information. (https://huggingface.co/docs/transformers/main/en/main_classes/text_generation)
2026-05-26 12:00:12.563 | INFO     | __main__:evaluate:77 -   270/1012 done
[transformers] Both `max_new_tokens` (=256) and `max_length`(=200) seem to have been set. `max_new_tokens` will take precedence. Please refer to the documentation for more information. (https://huggingface.co/docs/transformers/main/en/main_classes/text_generation)
[transformers] Both `max_new_tokens` (=256) and `max_length`(=200) seem to have been set. `max_new_tokens` will take precedence. Please refer to the documentation for more information. (https://huggingface.co/docs/transformers/main/en/main_classes/text_generation)
[transformers] Both `max_new_tokens` (=256) and `max_length`(=200) seem to have been set. `max_new_tokens` will take precedence. Please refer to the documentation for more information. (https://huggingface.co/docs/transformers/main/en/main_classes/text_generation)
[transformers] Both `max_new_tokens` (=256) and `max_length`(=200) seem to have been set. `max_new_tokens` will take precedence. Please refer to the documentation for more information. (https://huggingface.co/docs/transformers/main/en/main_classes/text_generation)
[transformers] Both `max_new_tokens` (=256) and `max_length`(=200) seem to have been set. `max_new_tokens` will take precedence. Please refer to the documentation for more information. (https://huggingface.co/docs/transformers/main/en/main_classes/text_generation)
[transformers] Both `max_new_tokens` (=256) and `max_length`(=200) seem to have been set. `max_new_tokens` will take precedence. Please refer to the documentation for more information. (https://huggingface.co/docs/transformers/main/en/main_classes/text_generation)
[transformers] Both `max_new_tokens` (=256) and `max_length`(=200) seem to have been set. `max_new_tokens` will take precedence. Please refer to the documentation for more information. (https://huggingface.co/docs/transformers/main/en/main_classes/text_generation)
[transformers] Both `max_new_tokens` (=256) and `max_length`(=200) seem to have been set. `max_new_tokens` will take precedence. Please refer to the documentation for more information. (https://huggingface.co/docs/transformers/main/en/main_classes/text_generation)
[transformers] Both `max_new_tokens` (=256) and `max_length`(=200) seem to have been set. `max_new_tokens` will take precedence. Please refer to the documentation for more information. (https://huggingface.co/docs/transformers/main/en/main_classes/text_generation)
[transformers] Both `max_new_tokens` (=256) and `max_length`(=200) seem to have been set. `max_new_tokens` will take precedence. Please refer to the documentation for more information. (https://huggingface.co/docs/transformers/main/en/main_classes/text_generation)
2026-05-26 12:00:15.418 | INFO     | __main__:evaluate:77 -   280/1012 done
[transformers] Both `max_new_tokens` (=256) and `max_length`(=200) seem to have been set. `max_new_tokens` will take precedence. Please refer to the documentation for more information. (https://huggingface.co/docs/transformers/main/en/main_classes/text_generation)
[transformers] Both `max_new_tokens` (=256) and `max_length`(=200) seem to have been set. `max_new_tokens` will take precedence. Please refer to the documentation for more information. (https://huggingface.co/docs/transformers/main/en/main_classes/text_generation)
[transformers] Both `max_new_tokens` (=256) and `max_length`(=200) seem to have been set. `max_new_tokens` will take precedence. Please refer to the documentation for more information. (https://huggingface.co/docs/transformers/main/en/main_classes/text_generation)
[transformers] Both `max_new_tokens` (=256) and `max_length`(=200) seem to have been set. `max_new_tokens` will take precedence. Please refer to the documentation for more information. (https://huggingface.co/docs/transformers/main/en/main_classes/text_generation)
[transformers] Both `max_new_tokens` (=256) and `max_length`(=200) seem to have been set. `max_new_tokens` will take precedence. Please refer to the documentation for more information. (https://huggingface.co/docs/transformers/main/en/main_classes/text_generation)
[transformers] Both `max_new_tokens` (=256) and `max_length`(=200) seem to have been set. `max_new_tokens` will take precedence. Please refer to the documentation for more information. (https://huggingface.co/docs/transformers/main/en/main_classes/text_generation)
[transformers] Both `max_new_tokens` (=256) and `max_length`(=200) seem to have been set. `max_new_tokens` will take precedence. Please refer to the documentation for more information. (https://huggingface.co/docs/transformers/main/en/main_classes/text_generation)
[transformers] Both `max_new_tokens` (=256) and `max_length`(=200) seem to have been set. `max_new_tokens` will take precedence. Please refer to the documentation for more information. (https://huggingface.co/docs/transformers/main/en/main_classes/text_generation)
[transformers] Both `max_new_tokens` (=256) and `max_length`(=200) seem to have been set. `max_new_tokens` will take precedence. Please refer to the documentation for more information. (https://huggingface.co/docs/transformers/main/en/main_classes/text_generation)
[transformers] Both `max_new_tokens` (=256) and `max_length`(=200) seem to have been set. `max_new_tokens` will take precedence. Please refer to the documentation for more information. (https://huggingface.co/docs/transformers/main/en/main_classes/text_generation)
2026-05-26 12:00:17.910 | INFO     | __main__:evaluate:77 -   290/1012 done
[transformers] Both `max_new_tokens` (=256) and `max_length`(=200) seem to have been set. `max_new_tokens` will take precedence. Please refer to the documentation for more information. (https://huggingface.co/docs/transformers/main/en/main_classes/text_generation)
[transformers] Both `max_new_tokens` (=256) and `max_length`(=200) seem to have been set. `max_new_tokens` will take precedence. Please refer to the documentation for more information. (https://huggingface.co/docs/transformers/main/en/main_classes/text_generation)
[transformers] Both `max_new_tokens` (=256) and `max_length`(=200) seem to have been set. `max_new_tokens` will take precedence. Please refer to the documentation for more information. (https://huggingface.co/docs/transformers/main/en/main_classes/text_generation)
[transformers] Both `max_new_tokens` (=256) and `max_length`(=200) seem to have been set. `max_new_tokens` will take precedence. Please refer to the documentation for more information. (https://huggingface.co/docs/transformers/main/en/main_classes/text_generation)
[transformers] Both `max_new_tokens` (=256) and `max_length`(=200) seem to have been set. `max_new_tokens` will take precedence. Please refer to the documentation for more information. (https://huggingface.co/docs/transformers/main/en/main_classes/text_generation)
[transformers] Both `max_new_tokens` (=256) and `max_length`(=200) seem to have been set. `max_new_tokens` will take precedence. Please refer to the documentation for more information. (https://huggingface.co/docs/transformers/main/en/main_classes/text_generation)
[transformers] Both `max_new_tokens` (=256) and `max_length`(=200) seem to have been set. `max_new_tokens` will take precedence. Please refer to the documentation for more information. (https://huggingface.co/docs/transformers/main/en/main_classes/text_generation)
[transformers] Both `max_new_tokens` (=256) and `max_length`(=200) seem to have been set. `max_new_tokens` will take precedence. Please refer to the documentation for more information. (https://huggingface.co/docs/transformers/main/en/main_classes/text_generation)
[transformers] Both `max_new_tokens` (=256) and `max_length`(=200) seem to have been set. `max_new_tokens` will take precedence. Please refer to the documentation for more information. (https://huggingface.co/docs/transformers/main/en/main_classes/text_generation)
[transformers] Both `max_new_tokens` (=256) and `max_length`(=200) seem to have been set. `max_new_tokens` will take precedence. Please refer to the documentation for more information. (https://huggingface.co/docs/transformers/main/en/main_classes/text_generation)
2026-05-26 12:00:20.234 | INFO     | __main__:evaluate:77 -   300/1012 done
[transformers] Both `max_new_tokens` (=256) and `max_length`(=200) seem to have been set. `max_new_tokens` will take precedence. Please refer to the documentation for more information. (https://huggingface.co/docs/transformers/main/en/main_classes/text_generation)
[transformers] Both `max_new_tokens` (=256) and `max_length`(=200) seem to have been set. `max_new_tokens` will take precedence. Please refer to the documentation for more information. (https://huggingface.co/docs/transformers/main/en/main_classes/text_generation)
[transformers] Both `max_new_tokens` (=256) and `max_length`(=200) seem to have been set. `max_new_tokens` will take precedence. Please refer to the documentation for more information. (https://huggingface.co/docs/transformers/main/en/main_classes/text_generation)
[transformers] Both `max_new_tokens` (=256) and `max_length`(=200) seem to have been set. `max_new_tokens` will take precedence. Please refer to the documentation for more information. (https://huggingface.co/docs/transformers/main/en/main_classes/text_generation)
[transformers] Both `max_new_tokens` (=256) and `max_length`(=200) seem to have been set. `max_new_tokens` will take precedence. Please refer to the documentation for more information. (https://huggingface.co/docs/transformers/main/en/main_classes/text_generation)
[transformers] Both `max_new_tokens` (=256) and `max_length`(=200) seem to have been set. `max_new_tokens` will take precedence. Please refer to the documentation for more information. (https://huggingface.co/docs/transformers/main/en/main_classes/text_generation)
[transformers] Both `max_new_tokens` (=256) and `max_length`(=200) seem to have been set. `max_new_tokens` will take precedence. Please refer to the documentation for more information. (https://huggingface.co/docs/transformers/main/en/main_classes/text_generation)
[transformers] Both `max_new_tokens` (=256) and `max_length`(=200) seem to have been set. `max_new_tokens` will take precedence. Please refer to the documentation for more information. (https://huggingface.co/docs/transformers/main/en/main_classes/text_generation)
[transformers] Both `max_new_tokens` (=256) and `max_length`(=200) seem to have been set. `max_new_tokens` will take precedence. Please refer to the documentation for more information. (https://huggingface.co/docs/transformers/main/en/main_classes/text_generation)
[transformers] Both `max_new_tokens` (=256) and `max_length`(=200) seem to have been set. `max_new_tokens` will take precedence. Please refer to the documentation for more information. (https://huggingface.co/docs/transformers/main/en/main_classes/text_generation)
2026-05-26 12:00:23.434 | INFO     | __main__:evaluate:77 -   310/1012 done
[transformers] Both `max_new_tokens` (=256) and `max_length`(=200) seem to have been set. `max_new_tokens` will take precedence. Please refer to the documentation for more information. (https://huggingface.co/docs/transformers/main/en/main_classes/text_generation)
[transformers] Both `max_new_tokens` (=256) and `max_length`(=200) seem to have been set. `max_new_tokens` will take precedence. Please refer to the documentation for more information. (https://huggingface.co/docs/transformers/main/en/main_classes/text_generation)
[transformers] Both `max_new_tokens` (=256) and `max_length`(=200) seem to have been set. `max_new_tokens` will take precedence. Please refer to the documentation for more information. (https://huggingface.co/docs/transformers/main/en/main_classes/text_generation)
[transformers] Both `max_new_tokens` (=256) and `max_length`(=200) seem to have been set. `max_new_tokens` will take precedence. Please refer to the documentation for more information. (https://huggingface.co/docs/transformers/main/en/main_classes/text_generation)
[transformers] Both `max_new_tokens` (=256) and `max_length`(=200) seem to have been set. `max_new_tokens` will take precedence. Please refer to the documentation for more information. (https://huggingface.co/docs/transformers/main/en/main_classes/text_generation)
[transformers] Both `max_new_tokens` (=256) and `max_length`(=200) seem to have been set. `max_new_tokens` will take precedence. Please refer to the documentation for more information. (https://huggingface.co/docs/transformers/main/en/main_classes/text_generation)
[transformers] Both `max_new_tokens` (=256) and `max_length`(=200) seem to have been set. `max_new_tokens` will take precedence. Please refer to the documentation for more information. (https://huggingface.co/docs/transformers/main/en/main_classes/text_generation)
[transformers] Both `max_new_tokens` (=256) and `max_length`(=200) seem to have been set. `max_new_tokens` will take precedence. Please refer to the documentation for more information. (https://huggingface.co/docs/transformers/main/en/main_classes/text_generation)
[transformers] Both `max_new_tokens` (=256) and `max_length`(=200) seem to have been set. `max_new_tokens` will take precedence. Please refer to the documentation for more information. (https://huggingface.co/docs/transformers/main/en/main_classes/text_generation)
[transformers] Both `max_new_tokens` (=256) and `max_length`(=200) seem to have been set. `max_new_tokens` will take precedence. Please refer to the documentation for more information. (https://huggingface.co/docs/transformers/main/en/main_classes/text_generation)
2026-05-26 12:00:26.435 | INFO     | __main__:evaluate:77 -   320/1012 done
[transformers] Both `max_new_tokens` (=256) and `max_length`(=200) seem to have been set. `max_new_tokens` will take precedence. Please refer to the documentation for more information. (https://huggingface.co/docs/transformers/main/en/main_classes/text_generation)
[transformers] Both `max_new_tokens` (=256) and `max_length`(=200) seem to have been set. `max_new_tokens` will take precedence. Please refer to the documentation for more information. (https://huggingface.co/docs/transformers/main/en/main_classes/text_generation)
[transformers] Both `max_new_tokens` (=256) and `max_length`(=200) seem to have been set. `max_new_tokens` will take precedence. Please refer to the documentation for more information. (https://huggingface.co/docs/transformers/main/en/main_classes/text_generation)
[transformers] Both `max_new_tokens` (=256) and `max_length`(=200) seem to have been set. `max_new_tokens` will take precedence. Please refer to the documentation for more information. (https://huggingface.co/docs/transformers/main/en/main_classes/text_generation)
[transformers] Both `max_new_tokens` (=256) and `max_length`(=200) seem to have been set. `max_new_tokens` will take precedence. Please refer to the documentation for more information. (https://huggingface.co/docs/transformers/main/en/main_classes/text_generation)
[transformers] Both `max_new_tokens` (=256) and `max_length`(=200) seem to have been set. `max_new_tokens` will take precedence. Please refer to the documentation for more information. (https://huggingface.co/docs/transformers/main/en/main_classes/text_generation)
[transformers] Both `max_new_tokens` (=256) and `max_length`(=200) seem to have been set. `max_new_tokens` will take precedence. Please refer to the documentation for more information. (https://huggingface.co/docs/transformers/main/en/main_classes/text_generation)
[transformers] Both `max_new_tokens` (=256) and `max_length`(=200) seem to have been set. `max_new_tokens` will take precedence. Please refer to the documentation for more information. (https://huggingface.co/docs/transformers/main/en/main_classes/text_generation)
[transformers] Both `max_new_tokens` (=256) and `max_length`(=200) seem to have been set. `max_new_tokens` will take precedence. Please refer to the documentation for more information. (https://huggingface.co/docs/transformers/main/en/main_classes/text_generation)
[transformers] Both `max_new_tokens` (=256) and `max_length`(=200) seem to have been set. `max_new_tokens` will take precedence. Please refer to the documentation for more information. (https://huggingface.co/docs/transformers/main/en/main_classes/text_generation)
2026-05-26 12:00:28.683 | INFO     | __main__:evaluate:77 -   330/1012 done
[transformers] Both `max_new_tokens` (=256) and `max_length`(=200) seem to have been set. `max_new_tokens` will take precedence. Please refer to the documentation for more information. (https://huggingface.co/docs/transformers/main/en/main_classes/text_generation)
[transformers] Both `max_new_tokens` (=256) and `max_length`(=200) seem to have been set. `max_new_tokens` will take precedence. Please refer to the documentation for more information. (https://huggingface.co/docs/transformers/main/en/main_classes/text_generation)
[transformers] Both `max_new_tokens` (=256) and `max_length`(=200) seem to have been set. `max_new_tokens` will take precedence. Please refer to the documentation for more information. (https://huggingface.co/docs/transformers/main/en/main_classes/text_generation)
[transformers] Both `max_new_tokens` (=256) and `max_length`(=200) seem to have been set. `max_new_tokens` will take precedence. Please refer to the documentation for more information. (https://huggingface.co/docs/transformers/main/en/main_classes/text_generation)
[transformers] Both `max_new_tokens` (=256) and `max_length`(=200) seem to have been set. `max_new_tokens` will take precedence. Please refer to the documentation for more information. (https://huggingface.co/docs/transformers/main/en/main_classes/text_generation)
[transformers] Both `max_new_tokens` (=256) and `max_length`(=200) seem to have been set. `max_new_tokens` will take precedence. Please refer to the documentation for more information. (https://huggingface.co/docs/transformers/main/en/main_classes/text_generation)
[transformers] Both `max_new_tokens` (=256) and `max_length`(=200) seem to have been set. `max_new_tokens` will take precedence. Please refer to the documentation for more information. (https://huggingface.co/docs/transformers/main/en/main_classes/text_generation)
[transformers] Both `max_new_tokens` (=256) and `max_length`(=200) seem to have been set. `max_new_tokens` will take precedence. Please refer to the documentation for more information. (https://huggingface.co/docs/transformers/main/en/main_classes/text_generation)
[transformers] Both `max_new_tokens` (=256) and `max_length`(=200) seem to have been set. `max_new_tokens` will take precedence. Please refer to the documentation for more information. (https://huggingface.co/docs/transformers/main/en/main_classes/text_generation)
[transformers] Both `max_new_tokens` (=256) and `max_length`(=200) seem to have been set. `max_new_tokens` will take precedence. Please refer to the documentation for more information. (https://huggingface.co/docs/transformers/main/en/main_classes/text_generation)
2026-05-26 12:00:31.059 | INFO     | __main__:evaluate:77 -   340/1012 done
[transformers] Both `max_new_tokens` (=256) and `max_length`(=200) seem to have been set. `max_new_tokens` will take precedence. Please refer to the documentation for more information. (https://huggingface.co/docs/transformers/main/en/main_classes/text_generation)
[transformers] Both `max_new_tokens` (=256) and `max_length`(=200) seem to have been set. `max_new_tokens` will take precedence. Please refer to the documentation for more information. (https://huggingface.co/docs/transformers/main/en/main_classes/text_generation)
[transformers] Both `max_new_tokens` (=256) and `max_length`(=200) seem to have been set. `max_new_tokens` will take precedence. Please refer to the documentation for more information. (https://huggingface.co/docs/transformers/main/en/main_classes/text_generation)
[transformers] Both `max_new_tokens` (=256) and `max_length`(=200) seem to have been set. `max_new_tokens` will take precedence. Please refer to the documentation for more information. (https://huggingface.co/docs/transformers/main/en/main_classes/text_generation)
[transformers] Both `max_new_tokens` (=256) and `max_length`(=200) seem to have been set. `max_new_tokens` will take precedence. Please refer to the documentation for more information. (https://huggingface.co/docs/transformers/main/en/main_classes/text_generation)
[transformers] Both `max_new_tokens` (=256) and `max_length`(=200) seem to have been set. `max_new_tokens` will take precedence. Please refer to the documentation for more information. (https://huggingface.co/docs/transformers/main/en/main_classes/text_generation)
[transformers] Both `max_new_tokens` (=256) and `max_length`(=200) seem to have been set. `max_new_tokens` will take precedence. Please refer to the documentation for more information. (https://huggingface.co/docs/transformers/main/en/main_classes/text_generation)
[transformers] Both `max_new_tokens` (=256) and `max_length`(=200) seem to have been set. `max_new_tokens` will take precedence. Please refer to the documentation for more information. (https://huggingface.co/docs/transformers/main/en/main_classes/text_generation)
[transformers] Both `max_new_tokens` (=256) and `max_length`(=200) seem to have been set. `max_new_tokens` will take precedence. Please refer to the documentation for more information. (https://huggingface.co/docs/transformers/main/en/main_classes/text_generation)
[transformers] Both `max_new_tokens` (=256) and `max_length`(=200) seem to have been set. `max_new_tokens` will take precedence. Please refer to the documentation for more information. (https://huggingface.co/docs/transformers/main/en/main_classes/text_generation)
2026-05-26 12:00:33.907 | INFO     | __main__:evaluate:77 -   350/1012 done
[transformers] Both `max_new_tokens` (=256) and `max_length`(=200) seem to have been set. `max_new_tokens` will take precedence. Please refer to the documentation for more information. (https://huggingface.co/docs/transformers/main/en/main_classes/text_generation)
[transformers] Both `max_new_tokens` (=256) and `max_length`(=200) seem to have been set. `max_new_tokens` will take precedence. Please refer to the documentation for more information. (https://huggingface.co/docs/transformers/main/en/main_classes/text_generation)
[transformers] Both `max_new_tokens` (=256) and `max_length`(=200) seem to have been set. `max_new_tokens` will take precedence. Please refer to the documentation for more information. (https://huggingface.co/docs/transformers/main/en/main_classes/text_generation)
[transformers] Both `max_new_tokens` (=256) and `max_length`(=200) seem to have been set. `max_new_tokens` will take precedence. Please refer to the documentation for more information. (https://huggingface.co/docs/transformers/main/en/main_classes/text_generation)
[transformers] Both `max_new_tokens` (=256) and `max_length`(=200) seem to have been set. `max_new_tokens` will take precedence. Please refer to the documentation for more information. (https://huggingface.co/docs/transformers/main/en/main_classes/text_generation)
[transformers] Both `max_new_tokens` (=256) and `max_length`(=200) seem to have been set. `max_new_tokens` will take precedence. Please refer to the documentation for more information. (https://huggingface.co/docs/transformers/main/en/main_classes/text_generation)
[transformers] Both `max_new_tokens` (=256) and `max_length`(=200) seem to have been set. `max_new_tokens` will take precedence. Please refer to the documentation for more information. (https://huggingface.co/docs/transformers/main/en/main_classes/text_generation)
[transformers] Both `max_new_tokens` (=256) and `max_length`(=200) seem to have been set. `max_new_tokens` will take precedence. Please refer to the documentation for more information. (https://huggingface.co/docs/transformers/main/en/main_classes/text_generation)
[transformers] Both `max_new_tokens` (=256) and `max_length`(=200) seem to have been set. `max_new_tokens` will take precedence. Please refer to the documentation for more information. (https://huggingface.co/docs/transformers/main/en/main_classes/text_generation)
[transformers] Both `max_new_tokens` (=256) and `max_length`(=200) seem to have been set. `max_new_tokens` will take precedence. Please refer to the documentation for more information. (https://huggingface.co/docs/transformers/main/en/main_classes/text_generation)
2026-05-26 12:00:36.045 | INFO     | __main__:evaluate:77 -   360/1012 done
[transformers] Both `max_new_tokens` (=256) and `max_length`(=200) seem to have been set. `max_new_tokens` will take precedence. Please refer to the documentation for more information. (https://huggingface.co/docs/transformers/main/en/main_classes/text_generation)
[transformers] Both `max_new_tokens` (=256) and `max_length`(=200) seem to have been set. `max_new_tokens` will take precedence. Please refer to the documentation for more information. (https://huggingface.co/docs/transformers/main/en/main_classes/text_generation)
[transformers] Both `max_new_tokens` (=256) and `max_length`(=200) seem to have been set. `max_new_tokens` will take precedence. Please refer to the documentation for more information. (https://huggingface.co/docs/transformers/main/en/main_classes/text_generation)
[transformers] Both `max_new_tokens` (=256) and `max_length`(=200) seem to have been set. `max_new_tokens` will take precedence. Please refer to the documentation for more information. (https://huggingface.co/docs/transformers/main/en/main_classes/text_generation)
[transformers] Both `max_new_tokens` (=256) and `max_length`(=200) seem to have been set. `max_new_tokens` will take precedence. Please refer to the documentation for more information. (https://huggingface.co/docs/transformers/main/en/main_classes/text_generation)
[transformers] Both `max_new_tokens` (=256) and `max_length`(=200) seem to have been set. `max_new_tokens` will take precedence. Please refer to the documentation for more information. (https://huggingface.co/docs/transformers/main/en/main_classes/text_generation)
[transformers] Both `max_new_tokens` (=256) and `max_length`(=200) seem to have been set. `max_new_tokens` will take precedence. Please refer to the documentation for more information. (https://huggingface.co/docs/transformers/main/en/main_classes/text_generation)
[transformers] Both `max_new_tokens` (=256) and `max_length`(=200) seem to have been set. `max_new_tokens` will take precedence. Please refer to the documentation for more information. (https://huggingface.co/docs/transformers/main/en/main_classes/text_generation)
[transformers] Both `max_new_tokens` (=256) and `max_length`(=200) seem to have been set. `max_new_tokens` will take precedence. Please refer to the documentation for more information. (https://huggingface.co/docs/transformers/main/en/main_classes/text_generation)
[transformers] Both `max_new_tokens` (=256) and `max_length`(=200) seem to have been set. `max_new_tokens` will take precedence. Please refer to the documentation for more information. (https://huggingface.co/docs/transformers/main/en/main_classes/text_generation)
2026-05-26 12:00:38.347 | INFO     | __main__:evaluate:77 -   370/1012 done
[transformers] Both `max_new_tokens` (=256) and `max_length`(=200) seem to have been set. `max_new_tokens` will take precedence. Please refer to the documentation for more information. (https://huggingface.co/docs/transformers/main/en/main_classes/text_generation)
[transformers] Both `max_new_tokens` (=256) and `max_length`(=200) seem to have been set. `max_new_tokens` will take precedence. Please refer to the documentation for more information. (https://huggingface.co/docs/transformers/main/en/main_classes/text_generation)
[transformers] Both `max_new_tokens` (=256) and `max_length`(=200) seem to have been set. `max_new_tokens` will take precedence. Please refer to the documentation for more information. (https://huggingface.co/docs/transformers/main/en/main_classes/text_generation)
[transformers] Both `max_new_tokens` (=256) and `max_length`(=200) seem to have been set. `max_new_tokens` will take precedence. Please refer to the documentation for more information. (https://huggingface.co/docs/transformers/main/en/main_classes/text_generation)
[transformers] Both `max_new_tokens` (=256) and `max_length`(=200) seem to have been set. `max_new_tokens` will take precedence. Please refer to the documentation for more information. (https://huggingface.co/docs/transformers/main/en/main_classes/text_generation)
[transformers] Both `max_new_tokens` (=256) and `max_length`(=200) seem to have been set. `max_new_tokens` will take precedence. Please refer to the documentation for more information. (https://huggingface.co/docs/transformers/main/en/main_classes/text_generation)
[transformers] Both `max_new_tokens` (=256) and `max_length`(=200) seem to have been set. `max_new_tokens` will take precedence. Please refer to the documentation for more information. (https://huggingface.co/docs/transformers/main/en/main_classes/text_generation)
[transformers] Both `max_new_tokens` (=256) and `max_length`(=200) seem to have been set. `max_new_tokens` will take precedence. Please refer to the documentation for more information. (https://huggingface.co/docs/transformers/main/en/main_classes/text_generation)
[transformers] Both `max_new_tokens` (=256) and `max_length`(=200) seem to have been set. `max_new_tokens` will take precedence. Please refer to the documentation for more information. (https://huggingface.co/docs/transformers/main/en/main_classes/text_generation)
[transformers] Both `max_new_tokens` (=256) and `max_length`(=200) seem to have been set. `max_new_tokens` will take precedence. Please refer to the documentation for more information. (https://huggingface.co/docs/transformers/main/en/main_classes/text_generation)
2026-05-26 12:00:40.568 | INFO     | __main__:evaluate:77 -   380/1012 done
[transformers] Both `max_new_tokens` (=256) and `max_length`(=200) seem to have been set. `max_new_tokens` will take precedence. Please refer to the documentation for more information. (https://huggingface.co/docs/transformers/main/en/main_classes/text_generation)
[transformers] Both `max_new_tokens` (=256) and `max_length`(=200) seem to have been set. `max_new_tokens` will take precedence. Please refer to the documentation for more information. (https://huggingface.co/docs/transformers/main/en/main_classes/text_generation)
[transformers] Both `max_new_tokens` (=256) and `max_length`(=200) seem to have been set. `max_new_tokens` will take precedence. Please refer to the documentation for more information. (https://huggingface.co/docs/transformers/main/en/main_classes/text_generation)
[transformers] Both `max_new_tokens` (=256) and `max_length`(=200) seem to have been set. `max_new_tokens` will take precedence. Please refer to the documentation for more information. (https://huggingface.co/docs/transformers/main/en/main_classes/text_generation)
[transformers] Both `max_new_tokens` (=256) and `max_length`(=200) seem to have been set. `max_new_tokens` will take precedence. Please refer to the documentation for more information. (https://huggingface.co/docs/transformers/main/en/main_classes/text_generation)
[transformers] Both `max_new_tokens` (=256) and `max_length`(=200) seem to have been set. `max_new_tokens` will take precedence. Please refer to the documentation for more information. (https://huggingface.co/docs/transformers/main/en/main_classes/text_generation)
[transformers] Both `max_new_tokens` (=256) and `max_length`(=200) seem to have been set. `max_new_tokens` will take precedence. Please refer to the documentation for more information. (https://huggingface.co/docs/transformers/main/en/main_classes/text_generation)
[transformers] Both `max_new_tokens` (=256) and `max_length`(=200) seem to have been set. `max_new_tokens` will take precedence. Please refer to the documentation for more information. (https://huggingface.co/docs/transformers/main/en/main_classes/text_generation)
[transformers] Both `max_new_tokens` (=256) and `max_length`(=200) seem to have been set. `max_new_tokens` will take precedence. Please refer to the documentation for more information. (https://huggingface.co/docs/transformers/main/en/main_classes/text_generation)
[transformers] Both `max_new_tokens` (=256) and `max_length`(=200) seem to have been set. `max_new_tokens` will take precedence. Please refer to the documentation for more information. (https://huggingface.co/docs/transformers/main/en/main_classes/text_generation)
2026-05-26 12:00:42.616 | INFO     | __main__:evaluate:77 -   390/1012 done
[transformers] Both `max_new_tokens` (=256) and `max_length`(=200) seem to have been set. `max_new_tokens` will take precedence. Please refer to the documentation for more information. (https://huggingface.co/docs/transformers/main/en/main_classes/text_generation)
[transformers] Both `max_new_tokens` (=256) and `max_length`(=200) seem to have been set. `max_new_tokens` will take precedence. Please refer to the documentation for more information. (https://huggingface.co/docs/transformers/main/en/main_classes/text_generation)
[transformers] Both `max_new_tokens` (=256) and `max_length`(=200) seem to have been set. `max_new_tokens` will take precedence. Please refer to the documentation for more information. (https://huggingface.co/docs/transformers/main/en/main_classes/text_generation)
[transformers] Both `max_new_tokens` (=256) and `max_length`(=200) seem to have been set. `max_new_tokens` will take precedence. Please refer to the documentation for more information. (https://huggingface.co/docs/transformers/main/en/main_classes/text_generation)
[transformers] Both `max_new_tokens` (=256) and `max_length`(=200) seem to have been set. `max_new_tokens` will take precedence. Please refer to the documentation for more information. (https://huggingface.co/docs/transformers/main/en/main_classes/text_generation)
[transformers] Both `max_new_tokens` (=256) and `max_length`(=200) seem to have been set. `max_new_tokens` will take precedence. Please refer to the documentation for more information. (https://huggingface.co/docs/transformers/main/en/main_classes/text_generation)
[transformers] Both `max_new_tokens` (=256) and `max_length`(=200) seem to have been set. `max_new_tokens` will take precedence. Please refer to the documentation for more information. (https://huggingface.co/docs/transformers/main/en/main_classes/text_generation)
[transformers] Both `max_new_tokens` (=256) and `max_length`(=200) seem to have been set. `max_new_tokens` will take precedence. Please refer to the documentation for more information. (https://huggingface.co/docs/transformers/main/en/main_classes/text_generation)
[transformers] Both `max_new_tokens` (=256) and `max_length`(=200) seem to have been set. `max_new_tokens` will take precedence. Please refer to the documentation for more information. (https://huggingface.co/docs/transformers/main/en/main_classes/text_generation)
[transformers] Both `max_new_tokens` (=256) and `max_length`(=200) seem to have been set. `max_new_tokens` will take precedence. Please refer to the documentation for more information. (https://huggingface.co/docs/transformers/main/en/main_classes/text_generation)
2026-05-26 12:00:45.030 | INFO     | __main__:evaluate:77 -   400/1012 done
[transformers] Both `max_new_tokens` (=256) and `max_length`(=200) seem to have been set. `max_new_tokens` will take precedence. Please refer to the documentation for more information. (https://huggingface.co/docs/transformers/main/en/main_classes/text_generation)
[transformers] Both `max_new_tokens` (=256) and `max_length`(=200) seem to have been set. `max_new_tokens` will take precedence. Please refer to the documentation for more information. (https://huggingface.co/docs/transformers/main/en/main_classes/text_generation)
[transformers] Both `max_new_tokens` (=256) and `max_length`(=200) seem to have been set. `max_new_tokens` will take precedence. Please refer to the documentation for more information. (https://huggingface.co/docs/transformers/main/en/main_classes/text_generation)
[transformers] Both `max_new_tokens` (=256) and `max_length`(=200) seem to have been set. `max_new_tokens` will take precedence. Please refer to the documentation for more information. (https://huggingface.co/docs/transformers/main/en/main_classes/text_generation)
[transformers] Both `max_new_tokens` (=256) and `max_length`(=200) seem to have been set. `max_new_tokens` will take precedence. Please refer to the documentation for more information. (https://huggingface.co/docs/transformers/main/en/main_classes/text_generation)
[transformers] Both `max_new_tokens` (=256) and `max_length`(=200) seem to have been set. `max_new_tokens` will take precedence. Please refer to the documentation for more information. (https://huggingface.co/docs/transformers/main/en/main_classes/text_generation)
[transformers] Both `max_new_tokens` (=256) and `max_length`(=200) seem to have been set. `max_new_tokens` will take precedence. Please refer to the documentation for more information. (https://huggingface.co/docs/transformers/main/en/main_classes/text_generation)
[transformers] Both `max_new_tokens` (=256) and `max_length`(=200) seem to have been set. `max_new_tokens` will take precedence. Please refer to the documentation for more information. (https://huggingface.co/docs/transformers/main/en/main_classes/text_generation)
[transformers] Both `max_new_tokens` (=256) and `max_length`(=200) seem to have been set. `max_new_tokens` will take precedence. Please refer to the documentation for more information. (https://huggingface.co/docs/transformers/main/en/main_classes/text_generation)
[transformers] Both `max_new_tokens` (=256) and `max_length`(=200) seem to have been set. `max_new_tokens` will take precedence. Please refer to the documentation for more information. (https://huggingface.co/docs/transformers/main/en/main_classes/text_generation)
2026-05-26 12:00:46.934 | INFO     | __main__:evaluate:77 -   410/1012 done
[transformers] Both `max_new_tokens` (=256) and `max_length`(=200) seem to have been set. `max_new_tokens` will take precedence. Please refer to the documentation for more information. (https://huggingface.co/docs/transformers/main/en/main_classes/text_generation)
[transformers] Both `max_new_tokens` (=256) and `max_length`(=200) seem to have been set. `max_new_tokens` will take precedence. Please refer to the documentation for more information. (https://huggingface.co/docs/transformers/main/en/main_classes/text_generation)
[transformers] Both `max_new_tokens` (=256) and `max_length`(=200) seem to have been set. `max_new_tokens` will take precedence. Please refer to the documentation for more information. (https://huggingface.co/docs/transformers/main/en/main_classes/text_generation)
[transformers] Both `max_new_tokens` (=256) and `max_length`(=200) seem to have been set. `max_new_tokens` will take precedence. Please refer to the documentation for more information. (https://huggingface.co/docs/transformers/main/en/main_classes/text_generation)
[transformers] Both `max_new_tokens` (=256) and `max_length`(=200) seem to have been set. `max_new_tokens` will take precedence. Please refer to the documentation for more information. (https://huggingface.co/docs/transformers/main/en/main_classes/text_generation)
[transformers] Both `max_new_tokens` (=256) and `max_length`(=200) seem to have been set. `max_new_tokens` will take precedence. Please refer to the documentation for more information. (https://huggingface.co/docs/transformers/main/en/main_classes/text_generation)
[transformers] Both `max_new_tokens` (=256) and `max_length`(=200) seem to have been set. `max_new_tokens` will take precedence. Please refer to the documentation for more information. (https://huggingface.co/docs/transformers/main/en/main_classes/text_generation)
[transformers] Both `max_new_tokens` (=256) and `max_length`(=200) seem to have been set. `max_new_tokens` will take precedence. Please refer to the documentation for more information. (https://huggingface.co/docs/transformers/main/en/main_classes/text_generation)
[transformers] Both `max_new_tokens` (=256) and `max_length`(=200) seem to have been set. `max_new_tokens` will take precedence. Please refer to the documentation for more information. (https://huggingface.co/docs/transformers/main/en/main_classes/text_generation)
[transformers] Both `max_new_tokens` (=256) and `max_length`(=200) seem to have been set. `max_new_tokens` will take precedence. Please refer to the documentation for more information. (https://huggingface.co/docs/transformers/main/en/main_classes/text_generation)
2026-05-26 12:00:51.351 | INFO     | __main__:evaluate:77 -   420/1012 done
[transformers] Both `max_new_tokens` (=256) and `max_length`(=200) seem to have been set. `max_new_tokens` will take precedence. Please refer to the documentation for more information. (https://huggingface.co/docs/transformers/main/en/main_classes/text_generation)
[transformers] Both `max_new_tokens` (=256) and `max_length`(=200) seem to have been set. `max_new_tokens` will take precedence. Please refer to the documentation for more information. (https://huggingface.co/docs/transformers/main/en/main_classes/text_generation)
[transformers] Both `max_new_tokens` (=256) and `max_length`(=200) seem to have been set. `max_new_tokens` will take precedence. Please refer to the documentation for more information. (https://huggingface.co/docs/transformers/main/en/main_classes/text_generation)
[transformers] Both `max_new_tokens` (=256) and `max_length`(=200) seem to have been set. `max_new_tokens` will take precedence. Please refer to the documentation for more information. (https://huggingface.co/docs/transformers/main/en/main_classes/text_generation)
[transformers] Both `max_new_tokens` (=256) and `max_length`(=200) seem to have been set. `max_new_tokens` will take precedence. Please refer to the documentation for more information. (https://huggingface.co/docs/transformers/main/en/main_classes/text_generation)
[transformers] Both `max_new_tokens` (=256) and `max_length`(=200) seem to have been set. `max_new_tokens` will take precedence. Please refer to the documentation for more information. (https://huggingface.co/docs/transformers/main/en/main_classes/text_generation)
[transformers] Both `max_new_tokens` (=256) and `max_length`(=200) seem to have been set. `max_new_tokens` will take precedence. Please refer to the documentation for more information. (https://huggingface.co/docs/transformers/main/en/main_classes/text_generation)
[transformers] Both `max_new_tokens` (=256) and `max_length`(=200) seem to have been set. `max_new_tokens` will take precedence. Please refer to the documentation for more information. (https://huggingface.co/docs/transformers/main/en/main_classes/text_generation)
[transformers] Both `max_new_tokens` (=256) and `max_length`(=200) seem to have been set. `max_new_tokens` will take precedence. Please refer to the documentation for more information. (https://huggingface.co/docs/transformers/main/en/main_classes/text_generation)
[transformers] Both `max_new_tokens` (=256) and `max_length`(=200) seem to have been set. `max_new_tokens` will take precedence. Please refer to the documentation for more information. (https://huggingface.co/docs/transformers/main/en/main_classes/text_generation)
2026-05-26 12:00:54.188 | INFO     | __main__:evaluate:77 -   430/1012 done
[transformers] Both `max_new_tokens` (=256) and `max_length`(=200) seem to have been set. `max_new_tokens` will take precedence. Please refer to the documentation for more information. (https://huggingface.co/docs/transformers/main/en/main_classes/text_generation)
[transformers] Both `max_new_tokens` (=256) and `max_length`(=200) seem to have been set. `max_new_tokens` will take precedence. Please refer to the documentation for more information. (https://huggingface.co/docs/transformers/main/en/main_classes/text_generation)
[transformers] Both `max_new_tokens` (=256) and `max_length`(=200) seem to have been set. `max_new_tokens` will take precedence. Please refer to the documentation for more information. (https://huggingface.co/docs/transformers/main/en/main_classes/text_generation)
[transformers] Both `max_new_tokens` (=256) and `max_length`(=200) seem to have been set. `max_new_tokens` will take precedence. Please refer to the documentation for more information. (https://huggingface.co/docs/transformers/main/en/main_classes/text_generation)
[transformers] Both `max_new_tokens` (=256) and `max_length`(=200) seem to have been set. `max_new_tokens` will take precedence. Please refer to the documentation for more information. (https://huggingface.co/docs/transformers/main/en/main_classes/text_generation)
[transformers] Both `max_new_tokens` (=256) and `max_length`(=200) seem to have been set. `max_new_tokens` will take precedence. Please refer to the documentation for more information. (https://huggingface.co/docs/transformers/main/en/main_classes/text_generation)
[transformers] Both `max_new_tokens` (=256) and `max_length`(=200) seem to have been set. `max_new_tokens` will take precedence. Please refer to the documentation for more information. (https://huggingface.co/docs/transformers/main/en/main_classes/text_generation)
[transformers] Both `max_new_tokens` (=256) and `max_length`(=200) seem to have been set. `max_new_tokens` will take precedence. Please refer to the documentation for more information. (https://huggingface.co/docs/transformers/main/en/main_classes/text_generation)
[transformers] Both `max_new_tokens` (=256) and `max_length`(=200) seem to have been set. `max_new_tokens` will take precedence. Please refer to the documentation for more information. (https://huggingface.co/docs/transformers/main/en/main_classes/text_generation)
[transformers] Both `max_new_tokens` (=256) and `max_length`(=200) seem to have been set. `max_new_tokens` will take precedence. Please refer to the documentation for more information. (https://huggingface.co/docs/transformers/main/en/main_classes/text_generation)
2026-05-26 12:00:58.097 | INFO     | __main__:evaluate:77 -   440/1012 done
[transformers] Both `max_new_tokens` (=256) and `max_length`(=200) seem to have been set. `max_new_tokens` will take precedence. Please refer to the documentation for more information. (https://huggingface.co/docs/transformers/main/en/main_classes/text_generation)
[transformers] Both `max_new_tokens` (=256) and `max_length`(=200) seem to have been set. `max_new_tokens` will take precedence. Please refer to the documentation for more information. (https://huggingface.co/docs/transformers/main/en/main_classes/text_generation)
[transformers] Both `max_new_tokens` (=256) and `max_length`(=200) seem to have been set. `max_new_tokens` will take precedence. Please refer to the documentation for more information. (https://huggingface.co/docs/transformers/main/en/main_classes/text_generation)
[transformers] Both `max_new_tokens` (=256) and `max_length`(=200) seem to have been set. `max_new_tokens` will take precedence. Please refer to the documentation for more information. (https://huggingface.co/docs/transformers/main/en/main_classes/text_generation)
[transformers] Both `max_new_tokens` (=256) and `max_length`(=200) seem to have been set. `max_new_tokens` will take precedence. Please refer to the documentation for more information. (https://huggingface.co/docs/transformers/main/en/main_classes/text_generation)
[transformers] Both `max_new_tokens` (=256) and `max_length`(=200) seem to have been set. `max_new_tokens` will take precedence. Please refer to the documentation for more information. (https://huggingface.co/docs/transformers/main/en/main_classes/text_generation)
[transformers] Both `max_new_tokens` (=256) and `max_length`(=200) seem to have been set. `max_new_tokens` will take precedence. Please refer to the documentation for more information. (https://huggingface.co/docs/transformers/main/en/main_classes/text_generation)
[transformers] Both `max_new_tokens` (=256) and `max_length`(=200) seem to have been set. `max_new_tokens` will take precedence. Please refer to the documentation for more information. (https://huggingface.co/docs/transformers/main/en/main_classes/text_generation)
[transformers] Both `max_new_tokens` (=256) and `max_length`(=200) seem to have been set. `max_new_tokens` will take precedence. Please refer to the documentation for more information. (https://huggingface.co/docs/transformers/main/en/main_classes/text_generation)
[transformers] Both `max_new_tokens` (=256) and `max_length`(=200) seem to have been set. `max_new_tokens` will take precedence. Please refer to the documentation for more information. (https://huggingface.co/docs/transformers/main/en/main_classes/text_generation)
2026-05-26 12:01:00.960 | INFO     | __main__:evaluate:77 -   450/1012 done
[transformers] Both `max_new_tokens` (=256) and `max_length`(=200) seem to have been set. `max_new_tokens` will take precedence. Please refer to the documentation for more information. (https://huggingface.co/docs/transformers/main/en/main_classes/text_generation)
[transformers] Both `max_new_tokens` (=256) and `max_length`(=200) seem to have been set. `max_new_tokens` will take precedence. Please refer to the documentation for more information. (https://huggingface.co/docs/transformers/main/en/main_classes/text_generation)
[transformers] Both `max_new_tokens` (=256) and `max_length`(=200) seem to have been set. `max_new_tokens` will take precedence. Please refer to the documentation for more information. (https://huggingface.co/docs/transformers/main/en/main_classes/text_generation)
[transformers] Both `max_new_tokens` (=256) and `max_length`(=200) seem to have been set. `max_new_tokens` will take precedence. Please refer to the documentation for more information. (https://huggingface.co/docs/transformers/main/en/main_classes/text_generation)
[transformers] Both `max_new_tokens` (=256) and `max_length`(=200) seem to have been set. `max_new_tokens` will take precedence. Please refer to the documentation for more information. (https://huggingface.co/docs/transformers/main/en/main_classes/text_generation)
[transformers] Both `max_new_tokens` (=256) and `max_length`(=200) seem to have been set. `max_new_tokens` will take precedence. Please refer to the documentation for more information. (https://huggingface.co/docs/transformers/main/en/main_classes/text_generation)
[transformers] Both `max_new_tokens` (=256) and `max_length`(=200) seem to have been set. `max_new_tokens` will take precedence. Please refer to the documentation for more information. (https://huggingface.co/docs/transformers/main/en/main_classes/text_generation)
[transformers] Both `max_new_tokens` (=256) and `max_length`(=200) seem to have been set. `max_new_tokens` will take precedence. Please refer to the documentation for more information. (https://huggingface.co/docs/transformers/main/en/main_classes/text_generation)
[transformers] Both `max_new_tokens` (=256) and `max_length`(=200) seem to have been set. `max_new_tokens` will take precedence. Please refer to the documentation for more information. (https://huggingface.co/docs/transformers/main/en/main_classes/text_generation)
[transformers] Both `max_new_tokens` (=256) and `max_length`(=200) seem to have been set. `max_new_tokens` will take precedence. Please refer to the documentation for more information. (https://huggingface.co/docs/transformers/main/en/main_classes/text_generation)
2026-05-26 12:01:03.229 | INFO     | __main__:evaluate:77 -   460/1012 done
[transformers] Both `max_new_tokens` (=256) and `max_length`(=200) seem to have been set. `max_new_tokens` will take precedence. Please refer to the documentation for more information. (https://huggingface.co/docs/transformers/main/en/main_classes/text_generation)
[transformers] Both `max_new_tokens` (=256) and `max_length`(=200) seem to have been set. `max_new_tokens` will take precedence. Please refer to the documentation for more information. (https://huggingface.co/docs/transformers/main/en/main_classes/text_generation)
[transformers] Both `max_new_tokens` (=256) and `max_length`(=200) seem to have been set. `max_new_tokens` will take precedence. Please refer to the documentation for more information. (https://huggingface.co/docs/transformers/main/en/main_classes/text_generation)
[transformers] Both `max_new_tokens` (=256) and `max_length`(=200) seem to have been set. `max_new_tokens` will take precedence. Please refer to the documentation for more information. (https://huggingface.co/docs/transformers/main/en/main_classes/text_generation)
[transformers] Both `max_new_tokens` (=256) and `max_length`(=200) seem to have been set. `max_new_tokens` will take precedence. Please refer to the documentation for more information. (https://huggingface.co/docs/transformers/main/en/main_classes/text_generation)
[transformers] Both `max_new_tokens` (=256) and `max_length`(=200) seem to have been set. `max_new_tokens` will take precedence. Please refer to the documentation for more information. (https://huggingface.co/docs/transformers/main/en/main_classes/text_generation)
[transformers] Both `max_new_tokens` (=256) and `max_length`(=200) seem to have been set. `max_new_tokens` will take precedence. Please refer to the documentation for more information. (https://huggingface.co/docs/transformers/main/en/main_classes/text_generation)
[transformers] Both `max_new_tokens` (=256) and `max_length`(=200) seem to have been set. `max_new_tokens` will take precedence. Please refer to the documentation for more information. (https://huggingface.co/docs/transformers/main/en/main_classes/text_generation)
[transformers] Both `max_new_tokens` (=256) and `max_length`(=200) seem to have been set. `max_new_tokens` will take precedence. Please refer to the documentation for more information. (https://huggingface.co/docs/transformers/main/en/main_classes/text_generation)
[transformers] Both `max_new_tokens` (=256) and `max_length`(=200) seem to have been set. `max_new_tokens` will take precedence. Please refer to the documentation for more information. (https://huggingface.co/docs/transformers/main/en/main_classes/text_generation)
2026-05-26 12:01:05.826 | INFO     | __main__:evaluate:77 -   470/1012 done
[transformers] Both `max_new_tokens` (=256) and `max_length`(=200) seem to have been set. `max_new_tokens` will take precedence. Please refer to the documentation for more information. (https://huggingface.co/docs/transformers/main/en/main_classes/text_generation)
[transformers] Both `max_new_tokens` (=256) and `max_length`(=200) seem to have been set. `max_new_tokens` will take precedence. Please refer to the documentation for more information. (https://huggingface.co/docs/transformers/main/en/main_classes/text_generation)
[transformers] Both `max_new_tokens` (=256) and `max_length`(=200) seem to have been set. `max_new_tokens` will take precedence. Please refer to the documentation for more information. (https://huggingface.co/docs/transformers/main/en/main_classes/text_generation)
[transformers] Both `max_new_tokens` (=256) and `max_length`(=200) seem to have been set. `max_new_tokens` will take precedence. Please refer to the documentation for more information. (https://huggingface.co/docs/transformers/main/en/main_classes/text_generation)
[transformers] Both `max_new_tokens` (=256) and `max_length`(=200) seem to have been set. `max_new_tokens` will take precedence. Please refer to the documentation for more information. (https://huggingface.co/docs/transformers/main/en/main_classes/text_generation)
[transformers] Both `max_new_tokens` (=256) and `max_length`(=200) seem to have been set. `max_new_tokens` will take precedence. Please refer to the documentation for more information. (https://huggingface.co/docs/transformers/main/en/main_classes/text_generation)
[transformers] Both `max_new_tokens` (=256) and `max_length`(=200) seem to have been set. `max_new_tokens` will take precedence. Please refer to the documentation for more information. (https://huggingface.co/docs/transformers/main/en/main_classes/text_generation)
[transformers] Both `max_new_tokens` (=256) and `max_length`(=200) seem to have been set. `max_new_tokens` will take precedence. Please refer to the documentation for more information. (https://huggingface.co/docs/transformers/main/en/main_classes/text_generation)
[transformers] Both `max_new_tokens` (=256) and `max_length`(=200) seem to have been set. `max_new_tokens` will take precedence. Please refer to the documentation for more information. (https://huggingface.co/docs/transformers/main/en/main_classes/text_generation)
[transformers] Both `max_new_tokens` (=256) and `max_length`(=200) seem to have been set. `max_new_tokens` will take precedence. Please refer to the documentation for more information. (https://huggingface.co/docs/transformers/main/en/main_classes/text_generation)
2026-05-26 12:01:08.565 | INFO     | __main__:evaluate:77 -   480/1012 done
[transformers] Both `max_new_tokens` (=256) and `max_length`(=200) seem to have been set. `max_new_tokens` will take precedence. Please refer to the documentation for more information. (https://huggingface.co/docs/transformers/main/en/main_classes/text_generation)
[transformers] Both `max_new_tokens` (=256) and `max_length`(=200) seem to have been set. `max_new_tokens` will take precedence. Please refer to the documentation for more information. (https://huggingface.co/docs/transformers/main/en/main_classes/text_generation)
[transformers] Both `max_new_tokens` (=256) and `max_length`(=200) seem to have been set. `max_new_tokens` will take precedence. Please refer to the documentation for more information. (https://huggingface.co/docs/transformers/main/en/main_classes/text_generation)
[transformers] Both `max_new_tokens` (=256) and `max_length`(=200) seem to have been set. `max_new_tokens` will take precedence. Please refer to the documentation for more information. (https://huggingface.co/docs/transformers/main/en/main_classes/text_generation)
[transformers] Both `max_new_tokens` (=256) and `max_length`(=200) seem to have been set. `max_new_tokens` will take precedence. Please refer to the documentation for more information. (https://huggingface.co/docs/transformers/main/en/main_classes/text_generation)
[transformers] Both `max_new_tokens` (=256) and `max_length`(=200) seem to have been set. `max_new_tokens` will take precedence. Please refer to the documentation for more information. (https://huggingface.co/docs/transformers/main/en/main_classes/text_generation)
[transformers] Both `max_new_tokens` (=256) and `max_length`(=200) seem to have been set. `max_new_tokens` will take precedence. Please refer to the documentation for more information. (https://huggingface.co/docs/transformers/main/en/main_classes/text_generation)
[transformers] Both `max_new_tokens` (=256) and `max_length`(=200) seem to have been set. `max_new_tokens` will take precedence. Please refer to the documentation for more information. (https://huggingface.co/docs/transformers/main/en/main_classes/text_generation)
[transformers] Both `max_new_tokens` (=256) and `max_length`(=200) seem to have been set. `max_new_tokens` will take precedence. Please refer to the documentation for more information. (https://huggingface.co/docs/transformers/main/en/main_classes/text_generation)
[transformers] Both `max_new_tokens` (=256) and `max_length`(=200) seem to have been set. `max_new_tokens` will take precedence. Please refer to the documentation for more information. (https://huggingface.co/docs/transformers/main/en/main_classes/text_generation)
2026-05-26 12:01:10.805 | INFO     | __main__:evaluate:77 -   490/1012 done
[transformers] Both `max_new_tokens` (=256) and `max_length`(=200) seem to have been set. `max_new_tokens` will take precedence. Please refer to the documentation for more information. (https://huggingface.co/docs/transformers/main/en/main_classes/text_generation)
[transformers] Both `max_new_tokens` (=256) and `max_length`(=200) seem to have been set. `max_new_tokens` will take precedence. Please refer to the documentation for more information. (https://huggingface.co/docs/transformers/main/en/main_classes/text_generation)
[transformers] Both `max_new_tokens` (=256) and `max_length`(=200) seem to have been set. `max_new_tokens` will take precedence. Please refer to the documentation for more information. (https://huggingface.co/docs/transformers/main/en/main_classes/text_generation)
[transformers] Both `max_new_tokens` (=256) and `max_length`(=200) seem to have been set. `max_new_tokens` will take precedence. Please refer to the documentation for more information. (https://huggingface.co/docs/transformers/main/en/main_classes/text_generation)
[transformers] Both `max_new_tokens` (=256) and `max_length`(=200) seem to have been set. `max_new_tokens` will take precedence. Please refer to the documentation for more information. (https://huggingface.co/docs/transformers/main/en/main_classes/text_generation)
[transformers] Both `max_new_tokens` (=256) and `max_length`(=200) seem to have been set. `max_new_tokens` will take precedence. Please refer to the documentation for more information. (https://huggingface.co/docs/transformers/main/en/main_classes/text_generation)
[transformers] Both `max_new_tokens` (=256) and `max_length`(=200) seem to have been set. `max_new_tokens` will take precedence. Please refer to the documentation for more information. (https://huggingface.co/docs/transformers/main/en/main_classes/text_generation)
[transformers] Both `max_new_tokens` (=256) and `max_length`(=200) seem to have been set. `max_new_tokens` will take precedence. Please refer to the documentation for more information. (https://huggingface.co/docs/transformers/main/en/main_classes/text_generation)
[transformers] Both `max_new_tokens` (=256) and `max_length`(=200) seem to have been set. `max_new_tokens` will take precedence. Please refer to the documentation for more information. (https://huggingface.co/docs/transformers/main/en/main_classes/text_generation)
[transformers] Both `max_new_tokens` (=256) and `max_length`(=200) seem to have been set. `max_new_tokens` will take precedence. Please refer to the documentation for more information. (https://huggingface.co/docs/transformers/main/en/main_classes/text_generation)
2026-05-26 12:01:13.067 | INFO     | __main__:evaluate:77 -   500/1012 done
[transformers] Both `max_new_tokens` (=256) and `max_length`(=200) seem to have been set. `max_new_tokens` will take precedence. Please refer to the documentation for more information. (https://huggingface.co/docs/transformers/main/en/main_classes/text_generation)
[transformers] Both `max_new_tokens` (=256) and `max_length`(=200) seem to have been set. `max_new_tokens` will take precedence. Please refer to the documentation for more information. (https://huggingface.co/docs/transformers/main/en/main_classes/text_generation)
[transformers] Both `max_new_tokens` (=256) and `max_length`(=200) seem to have been set. `max_new_tokens` will take precedence. Please refer to the documentation for more information. (https://huggingface.co/docs/transformers/main/en/main_classes/text_generation)
[transformers] Both `max_new_tokens` (=256) and `max_length`(=200) seem to have been set. `max_new_tokens` will take precedence. Please refer to the documentation for more information. (https://huggingface.co/docs/transformers/main/en/main_classes/text_generation)
[transformers] Both `max_new_tokens` (=256) and `max_length`(=200) seem to have been set. `max_new_tokens` will take precedence. Please refer to the documentation for more information. (https://huggingface.co/docs/transformers/main/en/main_classes/text_generation)
[transformers] Both `max_new_tokens` (=256) and `max_length`(=200) seem to have been set. `max_new_tokens` will take precedence. Please refer to the documentation for more information. (https://huggingface.co/docs/transformers/main/en/main_classes/text_generation)
[transformers] Both `max_new_tokens` (=256) and `max_length`(=200) seem to have been set. `max_new_tokens` will take precedence. Please refer to the documentation for more information. (https://huggingface.co/docs/transformers/main/en/main_classes/text_generation)
[transformers] Both `max_new_tokens` (=256) and `max_length`(=200) seem to have been set. `max_new_tokens` will take precedence. Please refer to the documentation for more information. (https://huggingface.co/docs/transformers/main/en/main_classes/text_generation)
[transformers] Both `max_new_tokens` (=256) and `max_length`(=200) seem to have been set. `max_new_tokens` will take precedence. Please refer to the documentation for more information. (https://huggingface.co/docs/transformers/main/en/main_classes/text_generation)
[transformers] Both `max_new_tokens` (=256) and `max_length`(=200) seem to have been set. `max_new_tokens` will take precedence. Please refer to the documentation for more information. (https://huggingface.co/docs/transformers/main/en/main_classes/text_generation)
2026-05-26 12:01:15.586 | INFO     | __main__:evaluate:77 -   510/1012 done
[transformers] Both `max_new_tokens` (=256) and `max_length`(=200) seem to have been set. `max_new_tokens` will take precedence. Please refer to the documentation for more information. (https://huggingface.co/docs/transformers/main/en/main_classes/text_generation)
[transformers] Both `max_new_tokens` (=256) and `max_length`(=200) seem to have been set. `max_new_tokens` will take precedence. Please refer to the documentation for more information. (https://huggingface.co/docs/transformers/main/en/main_classes/text_generation)
[transformers] Both `max_new_tokens` (=256) and `max_length`(=200) seem to have been set. `max_new_tokens` will take precedence. Please refer to the documentation for more information. (https://huggingface.co/docs/transformers/main/en/main_classes/text_generation)
[transformers] Both `max_new_tokens` (=256) and `max_length`(=200) seem to have been set. `max_new_tokens` will take precedence. Please refer to the documentation for more information. (https://huggingface.co/docs/transformers/main/en/main_classes/text_generation)
[transformers] Both `max_new_tokens` (=256) and `max_length`(=200) seem to have been set. `max_new_tokens` will take precedence. Please refer to the documentation for more information. (https://huggingface.co/docs/transformers/main/en/main_classes/text_generation)
[transformers] Both `max_new_tokens` (=256) and `max_length`(=200) seem to have been set. `max_new_tokens` will take precedence. Please refer to the documentation for more information. (https://huggingface.co/docs/transformers/main/en/main_classes/text_generation)
[transformers] Both `max_new_tokens` (=256) and `max_length`(=200) seem to have been set. `max_new_tokens` will take precedence. Please refer to the documentation for more information. (https://huggingface.co/docs/transformers/main/en/main_classes/text_generation)
[transformers] Both `max_new_tokens` (=256) and `max_length`(=200) seem to have been set. `max_new_tokens` will take precedence. Please refer to the documentation for more information. (https://huggingface.co/docs/transformers/main/en/main_classes/text_generation)
[transformers] Both `max_new_tokens` (=256) and `max_length`(=200) seem to have been set. `max_new_tokens` will take precedence. Please refer to the documentation for more information. (https://huggingface.co/docs/transformers/main/en/main_classes/text_generation)
[transformers] Both `max_new_tokens` (=256) and `max_length`(=200) seem to have been set. `max_new_tokens` will take precedence. Please refer to the documentation for more information. (https://huggingface.co/docs/transformers/main/en/main_classes/text_generation)
2026-05-26 12:01:18.319 | INFO     | __main__:evaluate:77 -   520/1012 done
[transformers] Both `max_new_tokens` (=256) and `max_length`(=200) seem to have been set. `max_new_tokens` will take precedence. Please refer to the documentation for more information. (https://huggingface.co/docs/transformers/main/en/main_classes/text_generation)
[transformers] Both `max_new_tokens` (=256) and `max_length`(=200) seem to have been set. `max_new_tokens` will take precedence. Please refer to the documentation for more information. (https://huggingface.co/docs/transformers/main/en/main_classes/text_generation)
[transformers] Both `max_new_tokens` (=256) and `max_length`(=200) seem to have been set. `max_new_tokens` will take precedence. Please refer to the documentation for more information. (https://huggingface.co/docs/transformers/main/en/main_classes/text_generation)
[transformers] Both `max_new_tokens` (=256) and `max_length`(=200) seem to have been set. `max_new_tokens` will take precedence. Please refer to the documentation for more information. (https://huggingface.co/docs/transformers/main/en/main_classes/text_generation)
[transformers] Both `max_new_tokens` (=256) and `max_length`(=200) seem to have been set. `max_new_tokens` will take precedence. Please refer to the documentation for more information. (https://huggingface.co/docs/transformers/main/en/main_classes/text_generation)
[transformers] Both `max_new_tokens` (=256) and `max_length`(=200) seem to have been set. `max_new_tokens` will take precedence. Please refer to the documentation for more information. (https://huggingface.co/docs/transformers/main/en/main_classes/text_generation)
[transformers] Both `max_new_tokens` (=256) and `max_length`(=200) seem to have been set. `max_new_tokens` will take precedence. Please refer to the documentation for more information. (https://huggingface.co/docs/transformers/main/en/main_classes/text_generation)
[transformers] Both `max_new_tokens` (=256) and `max_length`(=200) seem to have been set. `max_new_tokens` will take precedence. Please refer to the documentation for more information. (https://huggingface.co/docs/transformers/main/en/main_classes/text_generation)
[transformers] Both `max_new_tokens` (=256) and `max_length`(=200) seem to have been set. `max_new_tokens` will take precedence. Please refer to the documentation for more information. (https://huggingface.co/docs/transformers/main/en/main_classes/text_generation)
[transformers] Both `max_new_tokens` (=256) and `max_length`(=200) seem to have been set. `max_new_tokens` will take precedence. Please refer to the documentation for more information. (https://huggingface.co/docs/transformers/main/en/main_classes/text_generation)
2026-05-26 12:01:20.513 | INFO     | __main__:evaluate:77 -   530/1012 done
[transformers] Both `max_new_tokens` (=256) and `max_length`(=200) seem to have been set. `max_new_tokens` will take precedence. Please refer to the documentation for more information. (https://huggingface.co/docs/transformers/main/en/main_classes/text_generation)
[transformers] Both `max_new_tokens` (=256) and `max_length`(=200) seem to have been set. `max_new_tokens` will take precedence. Please refer to the documentation for more information. (https://huggingface.co/docs/transformers/main/en/main_classes/text_generation)
[transformers] Both `max_new_tokens` (=256) and `max_length`(=200) seem to have been set. `max_new_tokens` will take precedence. Please refer to the documentation for more information. (https://huggingface.co/docs/transformers/main/en/main_classes/text_generation)
[transformers] Both `max_new_tokens` (=256) and `max_length`(=200) seem to have been set. `max_new_tokens` will take precedence. Please refer to the documentation for more information. (https://huggingface.co/docs/transformers/main/en/main_classes/text_generation)
[transformers] Both `max_new_tokens` (=256) and `max_length`(=200) seem to have been set. `max_new_tokens` will take precedence. Please refer to the documentation for more information. (https://huggingface.co/docs/transformers/main/en/main_classes/text_generation)
[transformers] Both `max_new_tokens` (=256) and `max_length`(=200) seem to have been set. `max_new_tokens` will take precedence. Please refer to the documentation for more information. (https://huggingface.co/docs/transformers/main/en/main_classes/text_generation)
[transformers] Both `max_new_tokens` (=256) and `max_length`(=200) seem to have been set. `max_new_tokens` will take precedence. Please refer to the documentation for more information. (https://huggingface.co/docs/transformers/main/en/main_classes/text_generation)
[transformers] Both `max_new_tokens` (=256) and `max_length`(=200) seem to have been set. `max_new_tokens` will take precedence. Please refer to the documentation for more information. (https://huggingface.co/docs/transformers/main/en/main_classes/text_generation)
[transformers] Both `max_new_tokens` (=256) and `max_length`(=200) seem to have been set. `max_new_tokens` will take precedence. Please refer to the documentation for more information. (https://huggingface.co/docs/transformers/main/en/main_classes/text_generation)
[transformers] Both `max_new_tokens` (=256) and `max_length`(=200) seem to have been set. `max_new_tokens` will take precedence. Please refer to the documentation for more information. (https://huggingface.co/docs/transformers/main/en/main_classes/text_generation)
2026-05-26 12:01:23.299 | INFO     | __main__:evaluate:77 -   540/1012 done
[transformers] Both `max_new_tokens` (=256) and `max_length`(=200) seem to have been set. `max_new_tokens` will take precedence. Please refer to the documentation for more information. (https://huggingface.co/docs/transformers/main/en/main_classes/text_generation)
[transformers] Both `max_new_tokens` (=256) and `max_length`(=200) seem to have been set. `max_new_tokens` will take precedence. Please refer to the documentation for more information. (https://huggingface.co/docs/transformers/main/en/main_classes/text_generation)
[transformers] Both `max_new_tokens` (=256) and `max_length`(=200) seem to have been set. `max_new_tokens` will take precedence. Please refer to the documentation for more information. (https://huggingface.co/docs/transformers/main/en/main_classes/text_generation)
[transformers] Both `max_new_tokens` (=256) and `max_length`(=200) seem to have been set. `max_new_tokens` will take precedence. Please refer to the documentation for more information. (https://huggingface.co/docs/transformers/main/en/main_classes/text_generation)
[transformers] Both `max_new_tokens` (=256) and `max_length`(=200) seem to have been set. `max_new_tokens` will take precedence. Please refer to the documentation for more information. (https://huggingface.co/docs/transformers/main/en/main_classes/text_generation)
[transformers] Both `max_new_tokens` (=256) and `max_length`(=200) seem to have been set. `max_new_tokens` will take precedence. Please refer to the documentation for more information. (https://huggingface.co/docs/transformers/main/en/main_classes/text_generation)
[transformers] Both `max_new_tokens` (=256) and `max_length`(=200) seem to have been set. `max_new_tokens` will take precedence. Please refer to the documentation for more information. (https://huggingface.co/docs/transformers/main/en/main_classes/text_generation)
[transformers] Both `max_new_tokens` (=256) and `max_length`(=200) seem to have been set. `max_new_tokens` will take precedence. Please refer to the documentation for more information. (https://huggingface.co/docs/transformers/main/en/main_classes/text_generation)
[transformers] Both `max_new_tokens` (=256) and `max_length`(=200) seem to have been set. `max_new_tokens` will take precedence. Please refer to the documentation for more information. (https://huggingface.co/docs/transformers/main/en/main_classes/text_generation)
[transformers] Both `max_new_tokens` (=256) and `max_length`(=200) seem to have been set. `max_new_tokens` will take precedence. Please refer to the documentation for more information. (https://huggingface.co/docs/transformers/main/en/main_classes/text_generation)
2026-05-26 12:01:26.007 | INFO     | __main__:evaluate:77 -   550/1012 done
[transformers] Both `max_new_tokens` (=256) and `max_length`(=200) seem to have been set. `max_new_tokens` will take precedence. Please refer to the documentation for more information. (https://huggingface.co/docs/transformers/main/en/main_classes/text_generation)
[transformers] Both `max_new_tokens` (=256) and `max_length`(=200) seem to have been set. `max_new_tokens` will take precedence. Please refer to the documentation for more information. (https://huggingface.co/docs/transformers/main/en/main_classes/text_generation)
[transformers] Both `max_new_tokens` (=256) and `max_length`(=200) seem to have been set. `max_new_tokens` will take precedence. Please refer to the documentation for more information. (https://huggingface.co/docs/transformers/main/en/main_classes/text_generation)
[transformers] Both `max_new_tokens` (=256) and `max_length`(=200) seem to have been set. `max_new_tokens` will take precedence. Please refer to the documentation for more information. (https://huggingface.co/docs/transformers/main/en/main_classes/text_generation)
[transformers] Both `max_new_tokens` (=256) and `max_length`(=200) seem to have been set. `max_new_tokens` will take precedence. Please refer to the documentation for more information. (https://huggingface.co/docs/transformers/main/en/main_classes/text_generation)
[transformers] Both `max_new_tokens` (=256) and `max_length`(=200) seem to have been set. `max_new_tokens` will take precedence. Please refer to the documentation for more information. (https://huggingface.co/docs/transformers/main/en/main_classes/text_generation)
[transformers] Both `max_new_tokens` (=256) and `max_length`(=200) seem to have been set. `max_new_tokens` will take precedence. Please refer to the documentation for more information. (https://huggingface.co/docs/transformers/main/en/main_classes/text_generation)
[transformers] Both `max_new_tokens` (=256) and `max_length`(=200) seem to have been set. `max_new_tokens` will take precedence. Please refer to the documentation for more information. (https://huggingface.co/docs/transformers/main/en/main_classes/text_generation)
[transformers] Both `max_new_tokens` (=256) and `max_length`(=200) seem to have been set. `max_new_tokens` will take precedence. Please refer to the documentation for more information. (https://huggingface.co/docs/transformers/main/en/main_classes/text_generation)
[transformers] Both `max_new_tokens` (=256) and `max_length`(=200) seem to have been set. `max_new_tokens` will take precedence. Please refer to the documentation for more information. (https://huggingface.co/docs/transformers/main/en/main_classes/text_generation)
2026-05-26 12:01:28.740 | INFO     | __main__:evaluate:77 -   560/1012 done
[transformers] Both `max_new_tokens` (=256) and `max_length`(=200) seem to have been set. `max_new_tokens` will take precedence. Please refer to the documentation for more information. (https://huggingface.co/docs/transformers/main/en/main_classes/text_generation)
[transformers] Both `max_new_tokens` (=256) and `max_length`(=200) seem to have been set. `max_new_tokens` will take precedence. Please refer to the documentation for more information. (https://huggingface.co/docs/transformers/main/en/main_classes/text_generation)
[transformers] Both `max_new_tokens` (=256) and `max_length`(=200) seem to have been set. `max_new_tokens` will take precedence. Please refer to the documentation for more information. (https://huggingface.co/docs/transformers/main/en/main_classes/text_generation)
[transformers] Both `max_new_tokens` (=256) and `max_length`(=200) seem to have been set. `max_new_tokens` will take precedence. Please refer to the documentation for more information. (https://huggingface.co/docs/transformers/main/en/main_classes/text_generation)
[transformers] Both `max_new_tokens` (=256) and `max_length`(=200) seem to have been set. `max_new_tokens` will take precedence. Please refer to the documentation for more information. (https://huggingface.co/docs/transformers/main/en/main_classes/text_generation)
[transformers] Both `max_new_tokens` (=256) and `max_length`(=200) seem to have been set. `max_new_tokens` will take precedence. Please refer to the documentation for more information. (https://huggingface.co/docs/transformers/main/en/main_classes/text_generation)
[transformers] Both `max_new_tokens` (=256) and `max_length`(=200) seem to have been set. `max_new_tokens` will take precedence. Please refer to the documentation for more information. (https://huggingface.co/docs/transformers/main/en/main_classes/text_generation)
[transformers] Both `max_new_tokens` (=256) and `max_length`(=200) seem to have been set. `max_new_tokens` will take precedence. Please refer to the documentation for more information. (https://huggingface.co/docs/transformers/main/en/main_classes/text_generation)
[transformers] Both `max_new_tokens` (=256) and `max_length`(=200) seem to have been set. `max_new_tokens` will take precedence. Please refer to the documentation for more information. (https://huggingface.co/docs/transformers/main/en/main_classes/text_generation)
[transformers] Both `max_new_tokens` (=256) and `max_length`(=200) seem to have been set. `max_new_tokens` will take precedence. Please refer to the documentation for more information. (https://huggingface.co/docs/transformers/main/en/main_classes/text_generation)
2026-05-26 12:01:31.586 | INFO     | __main__:evaluate:77 -   570/1012 done
[transformers] Both `max_new_tokens` (=256) and `max_length`(=200) seem to have been set. `max_new_tokens` will take precedence. Please refer to the documentation for more information. (https://huggingface.co/docs/transformers/main/en/main_classes/text_generation)
[transformers] Both `max_new_tokens` (=256) and `max_length`(=200) seem to have been set. `max_new_tokens` will take precedence. Please refer to the documentation for more information. (https://huggingface.co/docs/transformers/main/en/main_classes/text_generation)
[transformers] Both `max_new_tokens` (=256) and `max_length`(=200) seem to have been set. `max_new_tokens` will take precedence. Please refer to the documentation for more information. (https://huggingface.co/docs/transformers/main/en/main_classes/text_generation)
[transformers] Both `max_new_tokens` (=256) and `max_length`(=200) seem to have been set. `max_new_tokens` will take precedence. Please refer to the documentation for more information. (https://huggingface.co/docs/transformers/main/en/main_classes/text_generation)
[transformers] Both `max_new_tokens` (=256) and `max_length`(=200) seem to have been set. `max_new_tokens` will take precedence. Please refer to the documentation for more information. (https://huggingface.co/docs/transformers/main/en/main_classes/text_generation)
[transformers] Both `max_new_tokens` (=256) and `max_length`(=200) seem to have been set. `max_new_tokens` will take precedence. Please refer to the documentation for more information. (https://huggingface.co/docs/transformers/main/en/main_classes/text_generation)
[transformers] Both `max_new_tokens` (=256) and `max_length`(=200) seem to have been set. `max_new_tokens` will take precedence. Please refer to the documentation for more information. (https://huggingface.co/docs/transformers/main/en/main_classes/text_generation)
[transformers] Both `max_new_tokens` (=256) and `max_length`(=200) seem to have been set. `max_new_tokens` will take precedence. Please refer to the documentation for more information. (https://huggingface.co/docs/transformers/main/en/main_classes/text_generation)
[transformers] Both `max_new_tokens` (=256) and `max_length`(=200) seem to have been set. `max_new_tokens` will take precedence. Please refer to the documentation for more information. (https://huggingface.co/docs/transformers/main/en/main_classes/text_generation)
[transformers] Both `max_new_tokens` (=256) and `max_length`(=200) seem to have been set. `max_new_tokens` will take precedence. Please refer to the documentation for more information. (https://huggingface.co/docs/transformers/main/en/main_classes/text_generation)
2026-05-26 12:01:33.711 | INFO     | __main__:evaluate:77 -   580/1012 done
[transformers] Both `max_new_tokens` (=256) and `max_length`(=200) seem to have been set. `max_new_tokens` will take precedence. Please refer to the documentation for more information. (https://huggingface.co/docs/transformers/main/en/main_classes/text_generation)
[transformers] Both `max_new_tokens` (=256) and `max_length`(=200) seem to have been set. `max_new_tokens` will take precedence. Please refer to the documentation for more information. (https://huggingface.co/docs/transformers/main/en/main_classes/text_generation)
[transformers] Both `max_new_tokens` (=256) and `max_length`(=200) seem to have been set. `max_new_tokens` will take precedence. Please refer to the documentation for more information. (https://huggingface.co/docs/transformers/main/en/main_classes/text_generation)
[transformers] Both `max_new_tokens` (=256) and `max_length`(=200) seem to have been set. `max_new_tokens` will take precedence. Please refer to the documentation for more information. (https://huggingface.co/docs/transformers/main/en/main_classes/text_generation)
[transformers] Both `max_new_tokens` (=256) and `max_length`(=200) seem to have been set. `max_new_tokens` will take precedence. Please refer to the documentation for more information. (https://huggingface.co/docs/transformers/main/en/main_classes/text_generation)
[transformers] Both `max_new_tokens` (=256) and `max_length`(=200) seem to have been set. `max_new_tokens` will take precedence. Please refer to the documentation for more information. (https://huggingface.co/docs/transformers/main/en/main_classes/text_generation)
[transformers] Both `max_new_tokens` (=256) and `max_length`(=200) seem to have been set. `max_new_tokens` will take precedence. Please refer to the documentation for more information. (https://huggingface.co/docs/transformers/main/en/main_classes/text_generation)
[transformers] Both `max_new_tokens` (=256) and `max_length`(=200) seem to have been set. `max_new_tokens` will take precedence. Please refer to the documentation for more information. (https://huggingface.co/docs/transformers/main/en/main_classes/text_generation)
[transformers] Both `max_new_tokens` (=256) and `max_length`(=200) seem to have been set. `max_new_tokens` will take precedence. Please refer to the documentation for more information. (https://huggingface.co/docs/transformers/main/en/main_classes/text_generation)
[transformers] Both `max_new_tokens` (=256) and `max_length`(=200) seem to have been set. `max_new_tokens` will take precedence. Please refer to the documentation for more information. (https://huggingface.co/docs/transformers/main/en/main_classes/text_generation)
2026-05-26 12:01:36.058 | INFO     | __main__:evaluate:77 -   590/1012 done
[transformers] Both `max_new_tokens` (=256) and `max_length`(=200) seem to have been set. `max_new_tokens` will take precedence. Please refer to the documentation for more information. (https://huggingface.co/docs/transformers/main/en/main_classes/text_generation)
[transformers] Both `max_new_tokens` (=256) and `max_length`(=200) seem to have been set. `max_new_tokens` will take precedence. Please refer to the documentation for more information. (https://huggingface.co/docs/transformers/main/en/main_classes/text_generation)
[transformers] Both `max_new_tokens` (=256) and `max_length`(=200) seem to have been set. `max_new_tokens` will take precedence. Please refer to the documentation for more information. (https://huggingface.co/docs/transformers/main/en/main_classes/text_generation)
[transformers] Both `max_new_tokens` (=256) and `max_length`(=200) seem to have been set. `max_new_tokens` will take precedence. Please refer to the documentation for more information. (https://huggingface.co/docs/transformers/main/en/main_classes/text_generation)
[transformers] Both `max_new_tokens` (=256) and `max_length`(=200) seem to have been set. `max_new_tokens` will take precedence. Please refer to the documentation for more information. (https://huggingface.co/docs/transformers/main/en/main_classes/text_generation)
[transformers] Both `max_new_tokens` (=256) and `max_length`(=200) seem to have been set. `max_new_tokens` will take precedence. Please refer to the documentation for more information. (https://huggingface.co/docs/transformers/main/en/main_classes/text_generation)
[transformers] Both `max_new_tokens` (=256) and `max_length`(=200) seem to have been set. `max_new_tokens` will take precedence. Please refer to the documentation for more information. (https://huggingface.co/docs/transformers/main/en/main_classes/text_generation)
[transformers] Both `max_new_tokens` (=256) and `max_length`(=200) seem to have been set. `max_new_tokens` will take precedence. Please refer to the documentation for more information. (https://huggingface.co/docs/transformers/main/en/main_classes/text_generation)
[transformers] Both `max_new_tokens` (=256) and `max_length`(=200) seem to have been set. `max_new_tokens` will take precedence. Please refer to the documentation for more information. (https://huggingface.co/docs/transformers/main/en/main_classes/text_generation)
[transformers] Both `max_new_tokens` (=256) and `max_length`(=200) seem to have been set. `max_new_tokens` will take precedence. Please refer to the documentation for more information. (https://huggingface.co/docs/transformers/main/en/main_classes/text_generation)
2026-05-26 12:01:38.282 | INFO     | __main__:evaluate:77 -   600/1012 done
[transformers] Both `max_new_tokens` (=256) and `max_length`(=200) seem to have been set. `max_new_tokens` will take precedence. Please refer to the documentation for more information. (https://huggingface.co/docs/transformers/main/en/main_classes/text_generation)
[transformers] Both `max_new_tokens` (=256) and `max_length`(=200) seem to have been set. `max_new_tokens` will take precedence. Please refer to the documentation for more information. (https://huggingface.co/docs/transformers/main/en/main_classes/text_generation)
[transformers] Both `max_new_tokens` (=256) and `max_length`(=200) seem to have been set. `max_new_tokens` will take precedence. Please refer to the documentation for more information. (https://huggingface.co/docs/transformers/main/en/main_classes/text_generation)
[transformers] Both `max_new_tokens` (=256) and `max_length`(=200) seem to have been set. `max_new_tokens` will take precedence. Please refer to the documentation for more information. (https://huggingface.co/docs/transformers/main/en/main_classes/text_generation)
[transformers] Both `max_new_tokens` (=256) and `max_length`(=200) seem to have been set. `max_new_tokens` will take precedence. Please refer to the documentation for more information. (https://huggingface.co/docs/transformers/main/en/main_classes/text_generation)
[transformers] Both `max_new_tokens` (=256) and `max_length`(=200) seem to have been set. `max_new_tokens` will take precedence. Please refer to the documentation for more information. (https://huggingface.co/docs/transformers/main/en/main_classes/text_generation)
[transformers] Both `max_new_tokens` (=256) and `max_length`(=200) seem to have been set. `max_new_tokens` will take precedence. Please refer to the documentation for more information. (https://huggingface.co/docs/transformers/main/en/main_classes/text_generation)
[transformers] Both `max_new_tokens` (=256) and `max_length`(=200) seem to have been set. `max_new_tokens` will take precedence. Please refer to the documentation for more information. (https://huggingface.co/docs/transformers/main/en/main_classes/text_generation)
[transformers] Both `max_new_tokens` (=256) and `max_length`(=200) seem to have been set. `max_new_tokens` will take precedence. Please refer to the documentation for more information. (https://huggingface.co/docs/transformers/main/en/main_classes/text_generation)
[transformers] Both `max_new_tokens` (=256) and `max_length`(=200) seem to have been set. `max_new_tokens` will take precedence. Please refer to the documentation for more information. (https://huggingface.co/docs/transformers/main/en/main_classes/text_generation)
2026-05-26 12:01:41.608 | INFO     | __main__:evaluate:77 -   610/1012 done
[transformers] Both `max_new_tokens` (=256) and `max_length`(=200) seem to have been set. `max_new_tokens` will take precedence. Please refer to the documentation for more information. (https://huggingface.co/docs/transformers/main/en/main_classes/text_generation)
[transformers] Both `max_new_tokens` (=256) and `max_length`(=200) seem to have been set. `max_new_tokens` will take precedence. Please refer to the documentation for more information. (https://huggingface.co/docs/transformers/main/en/main_classes/text_generation)
[transformers] Both `max_new_tokens` (=256) and `max_length`(=200) seem to have been set. `max_new_tokens` will take precedence. Please refer to the documentation for more information. (https://huggingface.co/docs/transformers/main/en/main_classes/text_generation)
[transformers] Both `max_new_tokens` (=256) and `max_length`(=200) seem to have been set. `max_new_tokens` will take precedence. Please refer to the documentation for more information. (https://huggingface.co/docs/transformers/main/en/main_classes/text_generation)
[transformers] Both `max_new_tokens` (=256) and `max_length`(=200) seem to have been set. `max_new_tokens` will take precedence. Please refer to the documentation for more information. (https://huggingface.co/docs/transformers/main/en/main_classes/text_generation)
[transformers] Both `max_new_tokens` (=256) and `max_length`(=200) seem to have been set. `max_new_tokens` will take precedence. Please refer to the documentation for more information. (https://huggingface.co/docs/transformers/main/en/main_classes/text_generation)
[transformers] Both `max_new_tokens` (=256) and `max_length`(=200) seem to have been set. `max_new_tokens` will take precedence. Please refer to the documentation for more information. (https://huggingface.co/docs/transformers/main/en/main_classes/text_generation)
[transformers] Both `max_new_tokens` (=256) and `max_length`(=200) seem to have been set. `max_new_tokens` will take precedence. Please refer to the documentation for more information. (https://huggingface.co/docs/transformers/main/en/main_classes/text_generation)
[transformers] Both `max_new_tokens` (=256) and `max_length`(=200) seem to have been set. `max_new_tokens` will take precedence. Please refer to the documentation for more information. (https://huggingface.co/docs/transformers/main/en/main_classes/text_generation)
[transformers] Both `max_new_tokens` (=256) and `max_length`(=200) seem to have been set. `max_new_tokens` will take precedence. Please refer to the documentation for more information. (https://huggingface.co/docs/transformers/main/en/main_classes/text_generation)
2026-05-26 12:01:43.717 | INFO     | __main__:evaluate:77 -   620/1012 done
[transformers] Both `max_new_tokens` (=256) and `max_length`(=200) seem to have been set. `max_new_tokens` will take precedence. Please refer to the documentation for more information. (https://huggingface.co/docs/transformers/main/en/main_classes/text_generation)
[transformers] Both `max_new_tokens` (=256) and `max_length`(=200) seem to have been set. `max_new_tokens` will take precedence. Please refer to the documentation for more information. (https://huggingface.co/docs/transformers/main/en/main_classes/text_generation)
[transformers] Both `max_new_tokens` (=256) and `max_length`(=200) seem to have been set. `max_new_tokens` will take precedence. Please refer to the documentation for more information. (https://huggingface.co/docs/transformers/main/en/main_classes/text_generation)
[transformers] Both `max_new_tokens` (=256) and `max_length`(=200) seem to have been set. `max_new_tokens` will take precedence. Please refer to the documentation for more information. (https://huggingface.co/docs/transformers/main/en/main_classes/text_generation)
[transformers] Both `max_new_tokens` (=256) and `max_length`(=200) seem to have been set. `max_new_tokens` will take precedence. Please refer to the documentation for more information. (https://huggingface.co/docs/transformers/main/en/main_classes/text_generation)
[transformers] Both `max_new_tokens` (=256) and `max_length`(=200) seem to have been set. `max_new_tokens` will take precedence. Please refer to the documentation for more information. (https://huggingface.co/docs/transformers/main/en/main_classes/text_generation)
[transformers] Both `max_new_tokens` (=256) and `max_length`(=200) seem to have been set. `max_new_tokens` will take precedence. Please refer to the documentation for more information. (https://huggingface.co/docs/transformers/main/en/main_classes/text_generation)
[transformers] Both `max_new_tokens` (=256) and `max_length`(=200) seem to have been set. `max_new_tokens` will take precedence. Please refer to the documentation for more information. (https://huggingface.co/docs/transformers/main/en/main_classes/text_generation)
[transformers] Both `max_new_tokens` (=256) and `max_length`(=200) seem to have been set. `max_new_tokens` will take precedence. Please refer to the documentation for more information. (https://huggingface.co/docs/transformers/main/en/main_classes/text_generation)
[transformers] Both `max_new_tokens` (=256) and `max_length`(=200) seem to have been set. `max_new_tokens` will take precedence. Please refer to the documentation for more information. (https://huggingface.co/docs/transformers/main/en/main_classes/text_generation)
2026-05-26 12:01:46.568 | INFO     | __main__:evaluate:77 -   630/1012 done
[transformers] Both `max_new_tokens` (=256) and `max_length`(=200) seem to have been set. `max_new_tokens` will take precedence. Please refer to the documentation for more information. (https://huggingface.co/docs/transformers/main/en/main_classes/text_generation)
[transformers] Both `max_new_tokens` (=256) and `max_length`(=200) seem to have been set. `max_new_tokens` will take precedence. Please refer to the documentation for more information. (https://huggingface.co/docs/transformers/main/en/main_classes/text_generation)
[transformers] Both `max_new_tokens` (=256) and `max_length`(=200) seem to have been set. `max_new_tokens` will take precedence. Please refer to the documentation for more information. (https://huggingface.co/docs/transformers/main/en/main_classes/text_generation)
[transformers] Both `max_new_tokens` (=256) and `max_length`(=200) seem to have been set. `max_new_tokens` will take precedence. Please refer to the documentation for more information. (https://huggingface.co/docs/transformers/main/en/main_classes/text_generation)
[transformers] Both `max_new_tokens` (=256) and `max_length`(=200) seem to have been set. `max_new_tokens` will take precedence. Please refer to the documentation for more information. (https://huggingface.co/docs/transformers/main/en/main_classes/text_generation)
[transformers] Both `max_new_tokens` (=256) and `max_length`(=200) seem to have been set. `max_new_tokens` will take precedence. Please refer to the documentation for more information. (https://huggingface.co/docs/transformers/main/en/main_classes/text_generation)
[transformers] Both `max_new_tokens` (=256) and `max_length`(=200) seem to have been set. `max_new_tokens` will take precedence. Please refer to the documentation for more information. (https://huggingface.co/docs/transformers/main/en/main_classes/text_generation)
[transformers] Both `max_new_tokens` (=256) and `max_length`(=200) seem to have been set. `max_new_tokens` will take precedence. Please refer to the documentation for more information. (https://huggingface.co/docs/transformers/main/en/main_classes/text_generation)
[transformers] Both `max_new_tokens` (=256) and `max_length`(=200) seem to have been set. `max_new_tokens` will take precedence. Please refer to the documentation for more information. (https://huggingface.co/docs/transformers/main/en/main_classes/text_generation)
[transformers] Both `max_new_tokens` (=256) and `max_length`(=200) seem to have been set. `max_new_tokens` will take precedence. Please refer to the documentation for more information. (https://huggingface.co/docs/transformers/main/en/main_classes/text_generation)
2026-05-26 12:01:48.950 | INFO     | __main__:evaluate:77 -   640/1012 done
[transformers] Both `max_new_tokens` (=256) and `max_length`(=200) seem to have been set. `max_new_tokens` will take precedence. Please refer to the documentation for more information. (https://huggingface.co/docs/transformers/main/en/main_classes/text_generation)
[transformers] Both `max_new_tokens` (=256) and `max_length`(=200) seem to have been set. `max_new_tokens` will take precedence. Please refer to the documentation for more information. (https://huggingface.co/docs/transformers/main/en/main_classes/text_generation)
[transformers] Both `max_new_tokens` (=256) and `max_length`(=200) seem to have been set. `max_new_tokens` will take precedence. Please refer to the documentation for more information. (https://huggingface.co/docs/transformers/main/en/main_classes/text_generation)
[transformers] Both `max_new_tokens` (=256) and `max_length`(=200) seem to have been set. `max_new_tokens` will take precedence. Please refer to the documentation for more information. (https://huggingface.co/docs/transformers/main/en/main_classes/text_generation)
[transformers] Both `max_new_tokens` (=256) and `max_length`(=200) seem to have been set. `max_new_tokens` will take precedence. Please refer to the documentation for more information. (https://huggingface.co/docs/transformers/main/en/main_classes/text_generation)
[transformers] Both `max_new_tokens` (=256) and `max_length`(=200) seem to have been set. `max_new_tokens` will take precedence. Please refer to the documentation for more information. (https://huggingface.co/docs/transformers/main/en/main_classes/text_generation)
[transformers] Both `max_new_tokens` (=256) and `max_length`(=200) seem to have been set. `max_new_tokens` will take precedence. Please refer to the documentation for more information. (https://huggingface.co/docs/transformers/main/en/main_classes/text_generation)
[transformers] Both `max_new_tokens` (=256) and `max_length`(=200) seem to have been set. `max_new_tokens` will take precedence. Please refer to the documentation for more information. (https://huggingface.co/docs/transformers/main/en/main_classes/text_generation)
[transformers] Both `max_new_tokens` (=256) and `max_length`(=200) seem to have been set. `max_new_tokens` will take precedence. Please refer to the documentation for more information. (https://huggingface.co/docs/transformers/main/en/main_classes/text_generation)
[transformers] Both `max_new_tokens` (=256) and `max_length`(=200) seem to have been set. `max_new_tokens` will take precedence. Please refer to the documentation for more information. (https://huggingface.co/docs/transformers/main/en/main_classes/text_generation)
2026-05-26 12:01:51.097 | INFO     | __main__:evaluate:77 -   650/1012 done
[transformers] Both `max_new_tokens` (=256) and `max_length`(=200) seem to have been set. `max_new_tokens` will take precedence. Please refer to the documentation for more information. (https://huggingface.co/docs/transformers/main/en/main_classes/text_generation)
[transformers] Both `max_new_tokens` (=256) and `max_length`(=200) seem to have been set. `max_new_tokens` will take precedence. Please refer to the documentation for more information. (https://huggingface.co/docs/transformers/main/en/main_classes/text_generation)
[transformers] Both `max_new_tokens` (=256) and `max_length`(=200) seem to have been set. `max_new_tokens` will take precedence. Please refer to the documentation for more information. (https://huggingface.co/docs/transformers/main/en/main_classes/text_generation)
[transformers] Both `max_new_tokens` (=256) and `max_length`(=200) seem to have been set. `max_new_tokens` will take precedence. Please refer to the documentation for more information. (https://huggingface.co/docs/transformers/main/en/main_classes/text_generation)
[transformers] Both `max_new_tokens` (=256) and `max_length`(=200) seem to have been set. `max_new_tokens` will take precedence. Please refer to the documentation for more information. (https://huggingface.co/docs/transformers/main/en/main_classes/text_generation)
[transformers] Both `max_new_tokens` (=256) and `max_length`(=200) seem to have been set. `max_new_tokens` will take precedence. Please refer to the documentation for more information. (https://huggingface.co/docs/transformers/main/en/main_classes/text_generation)
[transformers] Both `max_new_tokens` (=256) and `max_length`(=200) seem to have been set. `max_new_tokens` will take precedence. Please refer to the documentation for more information. (https://huggingface.co/docs/transformers/main/en/main_classes/text_generation)
[transformers] Both `max_new_tokens` (=256) and `max_length`(=200) seem to have been set. `max_new_tokens` will take precedence. Please refer to the documentation for more information. (https://huggingface.co/docs/transformers/main/en/main_classes/text_generation)
[transformers] Both `max_new_tokens` (=256) and `max_length`(=200) seem to have been set. `max_new_tokens` will take precedence. Please refer to the documentation for more information. (https://huggingface.co/docs/transformers/main/en/main_classes/text_generation)
[transformers] Both `max_new_tokens` (=256) and `max_length`(=200) seem to have been set. `max_new_tokens` will take precedence. Please refer to the documentation for more information. (https://huggingface.co/docs/transformers/main/en/main_classes/text_generation)
2026-05-26 12:01:53.490 | INFO     | __main__:evaluate:77 -   660/1012 done
[transformers] Both `max_new_tokens` (=256) and `max_length`(=200) seem to have been set. `max_new_tokens` will take precedence. Please refer to the documentation for more information. (https://huggingface.co/docs/transformers/main/en/main_classes/text_generation)
[transformers] Both `max_new_tokens` (=256) and `max_length`(=200) seem to have been set. `max_new_tokens` will take precedence. Please refer to the documentation for more information. (https://huggingface.co/docs/transformers/main/en/main_classes/text_generation)
[transformers] Both `max_new_tokens` (=256) and `max_length`(=200) seem to have been set. `max_new_tokens` will take precedence. Please refer to the documentation for more information. (https://huggingface.co/docs/transformers/main/en/main_classes/text_generation)
[transformers] Both `max_new_tokens` (=256) and `max_length`(=200) seem to have been set. `max_new_tokens` will take precedence. Please refer to the documentation for more information. (https://huggingface.co/docs/transformers/main/en/main_classes/text_generation)
[transformers] Both `max_new_tokens` (=256) and `max_length`(=200) seem to have been set. `max_new_tokens` will take precedence. Please refer to the documentation for more information. (https://huggingface.co/docs/transformers/main/en/main_classes/text_generation)
[transformers] Both `max_new_tokens` (=256) and `max_length`(=200) seem to have been set. `max_new_tokens` will take precedence. Please refer to the documentation for more information. (https://huggingface.co/docs/transformers/main/en/main_classes/text_generation)
[transformers] Both `max_new_tokens` (=256) and `max_length`(=200) seem to have been set. `max_new_tokens` will take precedence. Please refer to the documentation for more information. (https://huggingface.co/docs/transformers/main/en/main_classes/text_generation)
[transformers] Both `max_new_tokens` (=256) and `max_length`(=200) seem to have been set. `max_new_tokens` will take precedence. Please refer to the documentation for more information. (https://huggingface.co/docs/transformers/main/en/main_classes/text_generation)
[transformers] Both `max_new_tokens` (=256) and `max_length`(=200) seem to have been set. `max_new_tokens` will take precedence. Please refer to the documentation for more information. (https://huggingface.co/docs/transformers/main/en/main_classes/text_generation)
[transformers] Both `max_new_tokens` (=256) and `max_length`(=200) seem to have been set. `max_new_tokens` will take precedence. Please refer to the documentation for more information. (https://huggingface.co/docs/transformers/main/en/main_classes/text_generation)
2026-05-26 12:01:56.222 | INFO     | __main__:evaluate:77 -   670/1012 done
[transformers] Both `max_new_tokens` (=256) and `max_length`(=200) seem to have been set. `max_new_tokens` will take precedence. Please refer to the documentation for more information. (https://huggingface.co/docs/transformers/main/en/main_classes/text_generation)
[transformers] Both `max_new_tokens` (=256) and `max_length`(=200) seem to have been set. `max_new_tokens` will take precedence. Please refer to the documentation for more information. (https://huggingface.co/docs/transformers/main/en/main_classes/text_generation)
[transformers] Both `max_new_tokens` (=256) and `max_length`(=200) seem to have been set. `max_new_tokens` will take precedence. Please refer to the documentation for more information. (https://huggingface.co/docs/transformers/main/en/main_classes/text_generation)
[transformers] Both `max_new_tokens` (=256) and `max_length`(=200) seem to have been set. `max_new_tokens` will take precedence. Please refer to the documentation for more information. (https://huggingface.co/docs/transformers/main/en/main_classes/text_generation)
[transformers] Both `max_new_tokens` (=256) and `max_length`(=200) seem to have been set. `max_new_tokens` will take precedence. Please refer to the documentation for more information. (https://huggingface.co/docs/transformers/main/en/main_classes/text_generation)
[transformers] Both `max_new_tokens` (=256) and `max_length`(=200) seem to have been set. `max_new_tokens` will take precedence. Please refer to the documentation for more information. (https://huggingface.co/docs/transformers/main/en/main_classes/text_generation)
[transformers] Both `max_new_tokens` (=256) and `max_length`(=200) seem to have been set. `max_new_tokens` will take precedence. Please refer to the documentation for more information. (https://huggingface.co/docs/transformers/main/en/main_classes/text_generation)
[transformers] Both `max_new_tokens` (=256) and `max_length`(=200) seem to have been set. `max_new_tokens` will take precedence. Please refer to the documentation for more information. (https://huggingface.co/docs/transformers/main/en/main_classes/text_generation)
[transformers] Both `max_new_tokens` (=256) and `max_length`(=200) seem to have been set. `max_new_tokens` will take precedence. Please refer to the documentation for more information. (https://huggingface.co/docs/transformers/main/en/main_classes/text_generation)
[transformers] Both `max_new_tokens` (=256) and `max_length`(=200) seem to have been set. `max_new_tokens` will take precedence. Please refer to the documentation for more information. (https://huggingface.co/docs/transformers/main/en/main_classes/text_generation)
2026-05-26 12:01:58.534 | INFO     | __main__:evaluate:77 -   680/1012 done
[transformers] Both `max_new_tokens` (=256) and `max_length`(=200) seem to have been set. `max_new_tokens` will take precedence. Please refer to the documentation for more information. (https://huggingface.co/docs/transformers/main/en/main_classes/text_generation)
[transformers] Both `max_new_tokens` (=256) and `max_length`(=200) seem to have been set. `max_new_tokens` will take precedence. Please refer to the documentation for more information. (https://huggingface.co/docs/transformers/main/en/main_classes/text_generation)
[transformers] Both `max_new_tokens` (=256) and `max_length`(=200) seem to have been set. `max_new_tokens` will take precedence. Please refer to the documentation for more information. (https://huggingface.co/docs/transformers/main/en/main_classes/text_generation)
[transformers] Both `max_new_tokens` (=256) and `max_length`(=200) seem to have been set. `max_new_tokens` will take precedence. Please refer to the documentation for more information. (https://huggingface.co/docs/transformers/main/en/main_classes/text_generation)
[transformers] Both `max_new_tokens` (=256) and `max_length`(=200) seem to have been set. `max_new_tokens` will take precedence. Please refer to the documentation for more information. (https://huggingface.co/docs/transformers/main/en/main_classes/text_generation)
[transformers] Both `max_new_tokens` (=256) and `max_length`(=200) seem to have been set. `max_new_tokens` will take precedence. Please refer to the documentation for more information. (https://huggingface.co/docs/transformers/main/en/main_classes/text_generation)
[transformers] Both `max_new_tokens` (=256) and `max_length`(=200) seem to have been set. `max_new_tokens` will take precedence. Please refer to the documentation for more information. (https://huggingface.co/docs/transformers/main/en/main_classes/text_generation)
[transformers] Both `max_new_tokens` (=256) and `max_length`(=200) seem to have been set. `max_new_tokens` will take precedence. Please refer to the documentation for more information. (https://huggingface.co/docs/transformers/main/en/main_classes/text_generation)
[transformers] Both `max_new_tokens` (=256) and `max_length`(=200) seem to have been set. `max_new_tokens` will take precedence. Please refer to the documentation for more information. (https://huggingface.co/docs/transformers/main/en/main_classes/text_generation)
[transformers] Both `max_new_tokens` (=256) and `max_length`(=200) seem to have been set. `max_new_tokens` will take precedence. Please refer to the documentation for more information. (https://huggingface.co/docs/transformers/main/en/main_classes/text_generation)
2026-05-26 12:02:00.959 | INFO     | __main__:evaluate:77 -   690/1012 done
[transformers] Both `max_new_tokens` (=256) and `max_length`(=200) seem to have been set. `max_new_tokens` will take precedence. Please refer to the documentation for more information. (https://huggingface.co/docs/transformers/main/en/main_classes/text_generation)
[transformers] Both `max_new_tokens` (=256) and `max_length`(=200) seem to have been set. `max_new_tokens` will take precedence. Please refer to the documentation for more information. (https://huggingface.co/docs/transformers/main/en/main_classes/text_generation)
[transformers] Both `max_new_tokens` (=256) and `max_length`(=200) seem to have been set. `max_new_tokens` will take precedence. Please refer to the documentation for more information. (https://huggingface.co/docs/transformers/main/en/main_classes/text_generation)
[transformers] Both `max_new_tokens` (=256) and `max_length`(=200) seem to have been set. `max_new_tokens` will take precedence. Please refer to the documentation for more information. (https://huggingface.co/docs/transformers/main/en/main_classes/text_generation)
[transformers] Both `max_new_tokens` (=256) and `max_length`(=200) seem to have been set. `max_new_tokens` will take precedence. Please refer to the documentation for more information. (https://huggingface.co/docs/transformers/main/en/main_classes/text_generation)
[transformers] Both `max_new_tokens` (=256) and `max_length`(=200) seem to have been set. `max_new_tokens` will take precedence. Please refer to the documentation for more information. (https://huggingface.co/docs/transformers/main/en/main_classes/text_generation)
[transformers] Both `max_new_tokens` (=256) and `max_length`(=200) seem to have been set. `max_new_tokens` will take precedence. Please refer to the documentation for more information. (https://huggingface.co/docs/transformers/main/en/main_classes/text_generation)
[transformers] Both `max_new_tokens` (=256) and `max_length`(=200) seem to have been set. `max_new_tokens` will take precedence. Please refer to the documentation for more information. (https://huggingface.co/docs/transformers/main/en/main_classes/text_generation)
[transformers] Both `max_new_tokens` (=256) and `max_length`(=200) seem to have been set. `max_new_tokens` will take precedence. Please refer to the documentation for more information. (https://huggingface.co/docs/transformers/main/en/main_classes/text_generation)
[transformers] Both `max_new_tokens` (=256) and `max_length`(=200) seem to have been set. `max_new_tokens` will take precedence. Please refer to the documentation for more information. (https://huggingface.co/docs/transformers/main/en/main_classes/text_generation)
2026-05-26 12:02:03.206 | INFO     | __main__:evaluate:77 -   700/1012 done
[transformers] Both `max_new_tokens` (=256) and `max_length`(=200) seem to have been set. `max_new_tokens` will take precedence. Please refer to the documentation for more information. (https://huggingface.co/docs/transformers/main/en/main_classes/text_generation)
[transformers] Both `max_new_tokens` (=256) and `max_length`(=200) seem to have been set. `max_new_tokens` will take precedence. Please refer to the documentation for more information. (https://huggingface.co/docs/transformers/main/en/main_classes/text_generation)
[transformers] Both `max_new_tokens` (=256) and `max_length`(=200) seem to have been set. `max_new_tokens` will take precedence. Please refer to the documentation for more information. (https://huggingface.co/docs/transformers/main/en/main_classes/text_generation)
[transformers] Both `max_new_tokens` (=256) and `max_length`(=200) seem to have been set. `max_new_tokens` will take precedence. Please refer to the documentation for more information. (https://huggingface.co/docs/transformers/main/en/main_classes/text_generation)
[transformers] Both `max_new_tokens` (=256) and `max_length`(=200) seem to have been set. `max_new_tokens` will take precedence. Please refer to the documentation for more information. (https://huggingface.co/docs/transformers/main/en/main_classes/text_generation)
[transformers] Both `max_new_tokens` (=256) and `max_length`(=200) seem to have been set. `max_new_tokens` will take precedence. Please refer to the documentation for more information. (https://huggingface.co/docs/transformers/main/en/main_classes/text_generation)
[transformers] Both `max_new_tokens` (=256) and `max_length`(=200) seem to have been set. `max_new_tokens` will take precedence. Please refer to the documentation for more information. (https://huggingface.co/docs/transformers/main/en/main_classes/text_generation)
[transformers] Both `max_new_tokens` (=256) and `max_length`(=200) seem to have been set. `max_new_tokens` will take precedence. Please refer to the documentation for more information. (https://huggingface.co/docs/transformers/main/en/main_classes/text_generation)
[transformers] Both `max_new_tokens` (=256) and `max_length`(=200) seem to have been set. `max_new_tokens` will take precedence. Please refer to the documentation for more information. (https://huggingface.co/docs/transformers/main/en/main_classes/text_generation)
[transformers] Both `max_new_tokens` (=256) and `max_length`(=200) seem to have been set. `max_new_tokens` will take precedence. Please refer to the documentation for more information. (https://huggingface.co/docs/transformers/main/en/main_classes/text_generation)
2026-05-26 12:02:04.991 | INFO     | __main__:evaluate:77 -   710/1012 done
[transformers] Both `max_new_tokens` (=256) and `max_length`(=200) seem to have been set. `max_new_tokens` will take precedence. Please refer to the documentation for more information. (https://huggingface.co/docs/transformers/main/en/main_classes/text_generation)
[transformers] Both `max_new_tokens` (=256) and `max_length`(=200) seem to have been set. `max_new_tokens` will take precedence. Please refer to the documentation for more information. (https://huggingface.co/docs/transformers/main/en/main_classes/text_generation)
[transformers] Both `max_new_tokens` (=256) and `max_length`(=200) seem to have been set. `max_new_tokens` will take precedence. Please refer to the documentation for more information. (https://huggingface.co/docs/transformers/main/en/main_classes/text_generation)
[transformers] Both `max_new_tokens` (=256) and `max_length`(=200) seem to have been set. `max_new_tokens` will take precedence. Please refer to the documentation for more information. (https://huggingface.co/docs/transformers/main/en/main_classes/text_generation)
[transformers] Both `max_new_tokens` (=256) and `max_length`(=200) seem to have been set. `max_new_tokens` will take precedence. Please refer to the documentation for more information. (https://huggingface.co/docs/transformers/main/en/main_classes/text_generation)
[transformers] Both `max_new_tokens` (=256) and `max_length`(=200) seem to have been set. `max_new_tokens` will take precedence. Please refer to the documentation for more information. (https://huggingface.co/docs/transformers/main/en/main_classes/text_generation)
[transformers] Both `max_new_tokens` (=256) and `max_length`(=200) seem to have been set. `max_new_tokens` will take precedence. Please refer to the documentation for more information. (https://huggingface.co/docs/transformers/main/en/main_classes/text_generation)
[transformers] Both `max_new_tokens` (=256) and `max_length`(=200) seem to have been set. `max_new_tokens` will take precedence. Please refer to the documentation for more information. (https://huggingface.co/docs/transformers/main/en/main_classes/text_generation)
[transformers] Both `max_new_tokens` (=256) and `max_length`(=200) seem to have been set. `max_new_tokens` will take precedence. Please refer to the documentation for more information. (https://huggingface.co/docs/transformers/main/en/main_classes/text_generation)
[transformers] Both `max_new_tokens` (=256) and `max_length`(=200) seem to have been set. `max_new_tokens` will take precedence. Please refer to the documentation for more information. (https://huggingface.co/docs/transformers/main/en/main_classes/text_generation)
2026-05-26 12:02:07.906 | INFO     | __main__:evaluate:77 -   720/1012 done
[transformers] Both `max_new_tokens` (=256) and `max_length`(=200) seem to have been set. `max_new_tokens` will take precedence. Please refer to the documentation for more information. (https://huggingface.co/docs/transformers/main/en/main_classes/text_generation)
[transformers] Both `max_new_tokens` (=256) and `max_length`(=200) seem to have been set. `max_new_tokens` will take precedence. Please refer to the documentation for more information. (https://huggingface.co/docs/transformers/main/en/main_classes/text_generation)
[transformers] Both `max_new_tokens` (=256) and `max_length`(=200) seem to have been set. `max_new_tokens` will take precedence. Please refer to the documentation for more information. (https://huggingface.co/docs/transformers/main/en/main_classes/text_generation)
[transformers] Both `max_new_tokens` (=256) and `max_length`(=200) seem to have been set. `max_new_tokens` will take precedence. Please refer to the documentation for more information. (https://huggingface.co/docs/transformers/main/en/main_classes/text_generation)
[transformers] Both `max_new_tokens` (=256) and `max_length`(=200) seem to have been set. `max_new_tokens` will take precedence. Please refer to the documentation for more information. (https://huggingface.co/docs/transformers/main/en/main_classes/text_generation)
[transformers] Both `max_new_tokens` (=256) and `max_length`(=200) seem to have been set. `max_new_tokens` will take precedence. Please refer to the documentation for more information. (https://huggingface.co/docs/transformers/main/en/main_classes/text_generation)
[transformers] Both `max_new_tokens` (=256) and `max_length`(=200) seem to have been set. `max_new_tokens` will take precedence. Please refer to the documentation for more information. (https://huggingface.co/docs/transformers/main/en/main_classes/text_generation)
[transformers] Both `max_new_tokens` (=256) and `max_length`(=200) seem to have been set. `max_new_tokens` will take precedence. Please refer to the documentation for more information. (https://huggingface.co/docs/transformers/main/en/main_classes/text_generation)
[transformers] Both `max_new_tokens` (=256) and `max_length`(=200) seem to have been set. `max_new_tokens` will take precedence. Please refer to the documentation for more information. (https://huggingface.co/docs/transformers/main/en/main_classes/text_generation)
[transformers] Both `max_new_tokens` (=256) and `max_length`(=200) seem to have been set. `max_new_tokens` will take precedence. Please refer to the documentation for more information. (https://huggingface.co/docs/transformers/main/en/main_classes/text_generation)
2026-05-26 12:02:12.316 | INFO     | __main__:evaluate:77 -   730/1012 done
[transformers] Both `max_new_tokens` (=256) and `max_length`(=200) seem to have been set. `max_new_tokens` will take precedence. Please refer to the documentation for more information. (https://huggingface.co/docs/transformers/main/en/main_classes/text_generation)
[transformers] Both `max_new_tokens` (=256) and `max_length`(=200) seem to have been set. `max_new_tokens` will take precedence. Please refer to the documentation for more information. (https://huggingface.co/docs/transformers/main/en/main_classes/text_generation)
[transformers] Both `max_new_tokens` (=256) and `max_length`(=200) seem to have been set. `max_new_tokens` will take precedence. Please refer to the documentation for more information. (https://huggingface.co/docs/transformers/main/en/main_classes/text_generation)
[transformers] Both `max_new_tokens` (=256) and `max_length`(=200) seem to have been set. `max_new_tokens` will take precedence. Please refer to the documentation for more information. (https://huggingface.co/docs/transformers/main/en/main_classes/text_generation)
[transformers] Both `max_new_tokens` (=256) and `max_length`(=200) seem to have been set. `max_new_tokens` will take precedence. Please refer to the documentation for more information. (https://huggingface.co/docs/transformers/main/en/main_classes/text_generation)
[transformers] Both `max_new_tokens` (=256) and `max_length`(=200) seem to have been set. `max_new_tokens` will take precedence. Please refer to the documentation for more information. (https://huggingface.co/docs/transformers/main/en/main_classes/text_generation)
[transformers] Both `max_new_tokens` (=256) and `max_length`(=200) seem to have been set. `max_new_tokens` will take precedence. Please refer to the documentation for more information. (https://huggingface.co/docs/transformers/main/en/main_classes/text_generation)
[transformers] Both `max_new_tokens` (=256) and `max_length`(=200) seem to have been set. `max_new_tokens` will take precedence. Please refer to the documentation for more information. (https://huggingface.co/docs/transformers/main/en/main_classes/text_generation)
[transformers] Both `max_new_tokens` (=256) and `max_length`(=200) seem to have been set. `max_new_tokens` will take precedence. Please refer to the documentation for more information. (https://huggingface.co/docs/transformers/main/en/main_classes/text_generation)
[transformers] Both `max_new_tokens` (=256) and `max_length`(=200) seem to have been set. `max_new_tokens` will take precedence. Please refer to the documentation for more information. (https://huggingface.co/docs/transformers/main/en/main_classes/text_generation)
2026-05-26 12:02:15.038 | INFO     | __main__:evaluate:77 -   740/1012 done
[transformers] Both `max_new_tokens` (=256) and `max_length`(=200) seem to have been set. `max_new_tokens` will take precedence. Please refer to the documentation for more information. (https://huggingface.co/docs/transformers/main/en/main_classes/text_generation)
[transformers] Both `max_new_tokens` (=256) and `max_length`(=200) seem to have been set. `max_new_tokens` will take precedence. Please refer to the documentation for more information. (https://huggingface.co/docs/transformers/main/en/main_classes/text_generation)
[transformers] Both `max_new_tokens` (=256) and `max_length`(=200) seem to have been set. `max_new_tokens` will take precedence. Please refer to the documentation for more information. (https://huggingface.co/docs/transformers/main/en/main_classes/text_generation)
[transformers] Both `max_new_tokens` (=256) and `max_length`(=200) seem to have been set. `max_new_tokens` will take precedence. Please refer to the documentation for more information. (https://huggingface.co/docs/transformers/main/en/main_classes/text_generation)
[transformers] Both `max_new_tokens` (=256) and `max_length`(=200) seem to have been set. `max_new_tokens` will take precedence. Please refer to the documentation for more information. (https://huggingface.co/docs/transformers/main/en/main_classes/text_generation)
[transformers] Both `max_new_tokens` (=256) and `max_length`(=200) seem to have been set. `max_new_tokens` will take precedence. Please refer to the documentation for more information. (https://huggingface.co/docs/transformers/main/en/main_classes/text_generation)
[transformers] Both `max_new_tokens` (=256) and `max_length`(=200) seem to have been set. `max_new_tokens` will take precedence. Please refer to the documentation for more information. (https://huggingface.co/docs/transformers/main/en/main_classes/text_generation)
[transformers] Both `max_new_tokens` (=256) and `max_length`(=200) seem to have been set. `max_new_tokens` will take precedence. Please refer to the documentation for more information. (https://huggingface.co/docs/transformers/main/en/main_classes/text_generation)
[transformers] Both `max_new_tokens` (=256) and `max_length`(=200) seem to have been set. `max_new_tokens` will take precedence. Please refer to the documentation for more information. (https://huggingface.co/docs/transformers/main/en/main_classes/text_generation)
[transformers] Both `max_new_tokens` (=256) and `max_length`(=200) seem to have been set. `max_new_tokens` will take precedence. Please refer to the documentation for more information. (https://huggingface.co/docs/transformers/main/en/main_classes/text_generation)
2026-05-26 12:02:17.441 | INFO     | __main__:evaluate:77 -   750/1012 done
[transformers] Both `max_new_tokens` (=256) and `max_length`(=200) seem to have been set. `max_new_tokens` will take precedence. Please refer to the documentation for more information. (https://huggingface.co/docs/transformers/main/en/main_classes/text_generation)
[transformers] Both `max_new_tokens` (=256) and `max_length`(=200) seem to have been set. `max_new_tokens` will take precedence. Please refer to the documentation for more information. (https://huggingface.co/docs/transformers/main/en/main_classes/text_generation)
[transformers] Both `max_new_tokens` (=256) and `max_length`(=200) seem to have been set. `max_new_tokens` will take precedence. Please refer to the documentation for more information. (https://huggingface.co/docs/transformers/main/en/main_classes/text_generation)
[transformers] Both `max_new_tokens` (=256) and `max_length`(=200) seem to have been set. `max_new_tokens` will take precedence. Please refer to the documentation for more information. (https://huggingface.co/docs/transformers/main/en/main_classes/text_generation)
[transformers] Both `max_new_tokens` (=256) and `max_length`(=200) seem to have been set. `max_new_tokens` will take precedence. Please refer to the documentation for more information. (https://huggingface.co/docs/transformers/main/en/main_classes/text_generation)
[transformers] Both `max_new_tokens` (=256) and `max_length`(=200) seem to have been set. `max_new_tokens` will take precedence. Please refer to the documentation for more information. (https://huggingface.co/docs/transformers/main/en/main_classes/text_generation)
[transformers] Both `max_new_tokens` (=256) and `max_length`(=200) seem to have been set. `max_new_tokens` will take precedence. Please refer to the documentation for more information. (https://huggingface.co/docs/transformers/main/en/main_classes/text_generation)
[transformers] Both `max_new_tokens` (=256) and `max_length`(=200) seem to have been set. `max_new_tokens` will take precedence. Please refer to the documentation for more information. (https://huggingface.co/docs/transformers/main/en/main_classes/text_generation)
[transformers] Both `max_new_tokens` (=256) and `max_length`(=200) seem to have been set. `max_new_tokens` will take precedence. Please refer to the documentation for more information. (https://huggingface.co/docs/transformers/main/en/main_classes/text_generation)
[transformers] Both `max_new_tokens` (=256) and `max_length`(=200) seem to have been set. `max_new_tokens` will take precedence. Please refer to the documentation for more information. (https://huggingface.co/docs/transformers/main/en/main_classes/text_generation)
2026-05-26 12:02:20.445 | INFO     | __main__:evaluate:77 -   760/1012 done
[transformers] Both `max_new_tokens` (=256) and `max_length`(=200) seem to have been set. `max_new_tokens` will take precedence. Please refer to the documentation for more information. (https://huggingface.co/docs/transformers/main/en/main_classes/text_generation)
[transformers] Both `max_new_tokens` (=256) and `max_length`(=200) seem to have been set. `max_new_tokens` will take precedence. Please refer to the documentation for more information. (https://huggingface.co/docs/transformers/main/en/main_classes/text_generation)
[transformers] Both `max_new_tokens` (=256) and `max_length`(=200) seem to have been set. `max_new_tokens` will take precedence. Please refer to the documentation for more information. (https://huggingface.co/docs/transformers/main/en/main_classes/text_generation)
[transformers] Both `max_new_tokens` (=256) and `max_length`(=200) seem to have been set. `max_new_tokens` will take precedence. Please refer to the documentation for more information. (https://huggingface.co/docs/transformers/main/en/main_classes/text_generation)
[transformers] Both `max_new_tokens` (=256) and `max_length`(=200) seem to have been set. `max_new_tokens` will take precedence. Please refer to the documentation for more information. (https://huggingface.co/docs/transformers/main/en/main_classes/text_generation)
[transformers] Both `max_new_tokens` (=256) and `max_length`(=200) seem to have been set. `max_new_tokens` will take precedence. Please refer to the documentation for more information. (https://huggingface.co/docs/transformers/main/en/main_classes/text_generation)
[transformers] Both `max_new_tokens` (=256) and `max_length`(=200) seem to have been set. `max_new_tokens` will take precedence. Please refer to the documentation for more information. (https://huggingface.co/docs/transformers/main/en/main_classes/text_generation)
[transformers] Both `max_new_tokens` (=256) and `max_length`(=200) seem to have been set. `max_new_tokens` will take precedence. Please refer to the documentation for more information. (https://huggingface.co/docs/transformers/main/en/main_classes/text_generation)
[transformers] Both `max_new_tokens` (=256) and `max_length`(=200) seem to have been set. `max_new_tokens` will take precedence. Please refer to the documentation for more information. (https://huggingface.co/docs/transformers/main/en/main_classes/text_generation)
[transformers] Both `max_new_tokens` (=256) and `max_length`(=200) seem to have been set. `max_new_tokens` will take precedence. Please refer to the documentation for more information. (https://huggingface.co/docs/transformers/main/en/main_classes/text_generation)
2026-05-26 12:02:22.594 | INFO     | __main__:evaluate:77 -   770/1012 done
[transformers] Both `max_new_tokens` (=256) and `max_length`(=200) seem to have been set. `max_new_tokens` will take precedence. Please refer to the documentation for more information. (https://huggingface.co/docs/transformers/main/en/main_classes/text_generation)
[transformers] Both `max_new_tokens` (=256) and `max_length`(=200) seem to have been set. `max_new_tokens` will take precedence. Please refer to the documentation for more information. (https://huggingface.co/docs/transformers/main/en/main_classes/text_generation)
[transformers] Both `max_new_tokens` (=256) and `max_length`(=200) seem to have been set. `max_new_tokens` will take precedence. Please refer to the documentation for more information. (https://huggingface.co/docs/transformers/main/en/main_classes/text_generation)
[transformers] Both `max_new_tokens` (=256) and `max_length`(=200) seem to have been set. `max_new_tokens` will take precedence. Please refer to the documentation for more information. (https://huggingface.co/docs/transformers/main/en/main_classes/text_generation)
[transformers] Both `max_new_tokens` (=256) and `max_length`(=200) seem to have been set. `max_new_tokens` will take precedence. Please refer to the documentation for more information. (https://huggingface.co/docs/transformers/main/en/main_classes/text_generation)
[transformers] Both `max_new_tokens` (=256) and `max_length`(=200) seem to have been set. `max_new_tokens` will take precedence. Please refer to the documentation for more information. (https://huggingface.co/docs/transformers/main/en/main_classes/text_generation)
[transformers] Both `max_new_tokens` (=256) and `max_length`(=200) seem to have been set. `max_new_tokens` will take precedence. Please refer to the documentation for more information. (https://huggingface.co/docs/transformers/main/en/main_classes/text_generation)
[transformers] Both `max_new_tokens` (=256) and `max_length`(=200) seem to have been set. `max_new_tokens` will take precedence. Please refer to the documentation for more information. (https://huggingface.co/docs/transformers/main/en/main_classes/text_generation)
[transformers] Both `max_new_tokens` (=256) and `max_length`(=200) seem to have been set. `max_new_tokens` will take precedence. Please refer to the documentation for more information. (https://huggingface.co/docs/transformers/main/en/main_classes/text_generation)
[transformers] Both `max_new_tokens` (=256) and `max_length`(=200) seem to have been set. `max_new_tokens` will take precedence. Please refer to the documentation for more information. (https://huggingface.co/docs/transformers/main/en/main_classes/text_generation)
2026-05-26 12:02:24.596 | INFO     | __main__:evaluate:77 -   780/1012 done
[transformers] Both `max_new_tokens` (=256) and `max_length`(=200) seem to have been set. `max_new_tokens` will take precedence. Please refer to the documentation for more information. (https://huggingface.co/docs/transformers/main/en/main_classes/text_generation)
[transformers] Both `max_new_tokens` (=256) and `max_length`(=200) seem to have been set. `max_new_tokens` will take precedence. Please refer to the documentation for more information. (https://huggingface.co/docs/transformers/main/en/main_classes/text_generation)
[transformers] Both `max_new_tokens` (=256) and `max_length`(=200) seem to have been set. `max_new_tokens` will take precedence. Please refer to the documentation for more information. (https://huggingface.co/docs/transformers/main/en/main_classes/text_generation)
[transformers] Both `max_new_tokens` (=256) and `max_length`(=200) seem to have been set. `max_new_tokens` will take precedence. Please refer to the documentation for more information. (https://huggingface.co/docs/transformers/main/en/main_classes/text_generation)
[transformers] Both `max_new_tokens` (=256) and `max_length`(=200) seem to have been set. `max_new_tokens` will take precedence. Please refer to the documentation for more information. (https://huggingface.co/docs/transformers/main/en/main_classes/text_generation)
[transformers] Both `max_new_tokens` (=256) and `max_length`(=200) seem to have been set. `max_new_tokens` will take precedence. Please refer to the documentation for more information. (https://huggingface.co/docs/transformers/main/en/main_classes/text_generation)
[transformers] Both `max_new_tokens` (=256) and `max_length`(=200) seem to have been set. `max_new_tokens` will take precedence. Please refer to the documentation for more information. (https://huggingface.co/docs/transformers/main/en/main_classes/text_generation)
[transformers] Both `max_new_tokens` (=256) and `max_length`(=200) seem to have been set. `max_new_tokens` will take precedence. Please refer to the documentation for more information. (https://huggingface.co/docs/transformers/main/en/main_classes/text_generation)
[transformers] Both `max_new_tokens` (=256) and `max_length`(=200) seem to have been set. `max_new_tokens` will take precedence. Please refer to the documentation for more information. (https://huggingface.co/docs/transformers/main/en/main_classes/text_generation)
[transformers] Both `max_new_tokens` (=256) and `max_length`(=200) seem to have been set. `max_new_tokens` will take precedence. Please refer to the documentation for more information. (https://huggingface.co/docs/transformers/main/en/main_classes/text_generation)
2026-05-26 12:02:26.932 | INFO     | __main__:evaluate:77 -   790/1012 done
[transformers] Both `max_new_tokens` (=256) and `max_length`(=200) seem to have been set. `max_new_tokens` will take precedence. Please refer to the documentation for more information. (https://huggingface.co/docs/transformers/main/en/main_classes/text_generation)
[transformers] Both `max_new_tokens` (=256) and `max_length`(=200) seem to have been set. `max_new_tokens` will take precedence. Please refer to the documentation for more information. (https://huggingface.co/docs/transformers/main/en/main_classes/text_generation)
[transformers] Both `max_new_tokens` (=256) and `max_length`(=200) seem to have been set. `max_new_tokens` will take precedence. Please refer to the documentation for more information. (https://huggingface.co/docs/transformers/main/en/main_classes/text_generation)
[transformers] Both `max_new_tokens` (=256) and `max_length`(=200) seem to have been set. `max_new_tokens` will take precedence. Please refer to the documentation for more information. (https://huggingface.co/docs/transformers/main/en/main_classes/text_generation)
[transformers] Both `max_new_tokens` (=256) and `max_length`(=200) seem to have been set. `max_new_tokens` will take precedence. Please refer to the documentation for more information. (https://huggingface.co/docs/transformers/main/en/main_classes/text_generation)
[transformers] Both `max_new_tokens` (=256) and `max_length`(=200) seem to have been set. `max_new_tokens` will take precedence. Please refer to the documentation for more information. (https://huggingface.co/docs/transformers/main/en/main_classes/text_generation)
[transformers] Both `max_new_tokens` (=256) and `max_length`(=200) seem to have been set. `max_new_tokens` will take precedence. Please refer to the documentation for more information. (https://huggingface.co/docs/transformers/main/en/main_classes/text_generation)
[transformers] Both `max_new_tokens` (=256) and `max_length`(=200) seem to have been set. `max_new_tokens` will take precedence. Please refer to the documentation for more information. (https://huggingface.co/docs/transformers/main/en/main_classes/text_generation)
[transformers] Both `max_new_tokens` (=256) and `max_length`(=200) seem to have been set. `max_new_tokens` will take precedence. Please refer to the documentation for more information. (https://huggingface.co/docs/transformers/main/en/main_classes/text_generation)
[transformers] Both `max_new_tokens` (=256) and `max_length`(=200) seem to have been set. `max_new_tokens` will take precedence. Please refer to the documentation for more information. (https://huggingface.co/docs/transformers/main/en/main_classes/text_generation)
2026-05-26 12:02:29.527 | INFO     | __main__:evaluate:77 -   800/1012 done
[transformers] Both `max_new_tokens` (=256) and `max_length`(=200) seem to have been set. `max_new_tokens` will take precedence. Please refer to the documentation for more information. (https://huggingface.co/docs/transformers/main/en/main_classes/text_generation)
[transformers] Both `max_new_tokens` (=256) and `max_length`(=200) seem to have been set. `max_new_tokens` will take precedence. Please refer to the documentation for more information. (https://huggingface.co/docs/transformers/main/en/main_classes/text_generation)
[transformers] Both `max_new_tokens` (=256) and `max_length`(=200) seem to have been set. `max_new_tokens` will take precedence. Please refer to the documentation for more information. (https://huggingface.co/docs/transformers/main/en/main_classes/text_generation)
[transformers] Both `max_new_tokens` (=256) and `max_length`(=200) seem to have been set. `max_new_tokens` will take precedence. Please refer to the documentation for more information. (https://huggingface.co/docs/transformers/main/en/main_classes/text_generation)
[transformers] Both `max_new_tokens` (=256) and `max_length`(=200) seem to have been set. `max_new_tokens` will take precedence. Please refer to the documentation for more information. (https://huggingface.co/docs/transformers/main/en/main_classes/text_generation)
[transformers] Both `max_new_tokens` (=256) and `max_length`(=200) seem to have been set. `max_new_tokens` will take precedence. Please refer to the documentation for more information. (https://huggingface.co/docs/transformers/main/en/main_classes/text_generation)
[transformers] Both `max_new_tokens` (=256) and `max_length`(=200) seem to have been set. `max_new_tokens` will take precedence. Please refer to the documentation for more information. (https://huggingface.co/docs/transformers/main/en/main_classes/text_generation)
[transformers] Both `max_new_tokens` (=256) and `max_length`(=200) seem to have been set. `max_new_tokens` will take precedence. Please refer to the documentation for more information. (https://huggingface.co/docs/transformers/main/en/main_classes/text_generation)
[transformers] Both `max_new_tokens` (=256) and `max_length`(=200) seem to have been set. `max_new_tokens` will take precedence. Please refer to the documentation for more information. (https://huggingface.co/docs/transformers/main/en/main_classes/text_generation)
[transformers] Both `max_new_tokens` (=256) and `max_length`(=200) seem to have been set. `max_new_tokens` will take precedence. Please refer to the documentation for more information. (https://huggingface.co/docs/transformers/main/en/main_classes/text_generation)
2026-05-26 12:02:32.425 | INFO     | __main__:evaluate:77 -   810/1012 done
[transformers] Both `max_new_tokens` (=256) and `max_length`(=200) seem to have been set. `max_new_tokens` will take precedence. Please refer to the documentation for more information. (https://huggingface.co/docs/transformers/main/en/main_classes/text_generation)
[transformers] Both `max_new_tokens` (=256) and `max_length`(=200) seem to have been set. `max_new_tokens` will take precedence. Please refer to the documentation for more information. (https://huggingface.co/docs/transformers/main/en/main_classes/text_generation)
[transformers] Both `max_new_tokens` (=256) and `max_length`(=200) seem to have been set. `max_new_tokens` will take precedence. Please refer to the documentation for more information. (https://huggingface.co/docs/transformers/main/en/main_classes/text_generation)
[transformers] Both `max_new_tokens` (=256) and `max_length`(=200) seem to have been set. `max_new_tokens` will take precedence. Please refer to the documentation for more information. (https://huggingface.co/docs/transformers/main/en/main_classes/text_generation)
[transformers] Both `max_new_tokens` (=256) and `max_length`(=200) seem to have been set. `max_new_tokens` will take precedence. Please refer to the documentation for more information. (https://huggingface.co/docs/transformers/main/en/main_classes/text_generation)
[transformers] Both `max_new_tokens` (=256) and `max_length`(=200) seem to have been set. `max_new_tokens` will take precedence. Please refer to the documentation for more information. (https://huggingface.co/docs/transformers/main/en/main_classes/text_generation)
[transformers] Both `max_new_tokens` (=256) and `max_length`(=200) seem to have been set. `max_new_tokens` will take precedence. Please refer to the documentation for more information. (https://huggingface.co/docs/transformers/main/en/main_classes/text_generation)
[transformers] Both `max_new_tokens` (=256) and `max_length`(=200) seem to have been set. `max_new_tokens` will take precedence. Please refer to the documentation for more information. (https://huggingface.co/docs/transformers/main/en/main_classes/text_generation)
[transformers] Both `max_new_tokens` (=256) and `max_length`(=200) seem to have been set. `max_new_tokens` will take precedence. Please refer to the documentation for more information. (https://huggingface.co/docs/transformers/main/en/main_classes/text_generation)
[transformers] Both `max_new_tokens` (=256) and `max_length`(=200) seem to have been set. `max_new_tokens` will take precedence. Please refer to the documentation for more information. (https://huggingface.co/docs/transformers/main/en/main_classes/text_generation)
2026-05-26 12:02:34.428 | INFO     | __main__:evaluate:77 -   820/1012 done
[transformers] Both `max_new_tokens` (=256) and `max_length`(=200) seem to have been set. `max_new_tokens` will take precedence. Please refer to the documentation for more information. (https://huggingface.co/docs/transformers/main/en/main_classes/text_generation)
[transformers] Both `max_new_tokens` (=256) and `max_length`(=200) seem to have been set. `max_new_tokens` will take precedence. Please refer to the documentation for more information. (https://huggingface.co/docs/transformers/main/en/main_classes/text_generation)
[transformers] Both `max_new_tokens` (=256) and `max_length`(=200) seem to have been set. `max_new_tokens` will take precedence. Please refer to the documentation for more information. (https://huggingface.co/docs/transformers/main/en/main_classes/text_generation)
[transformers] Both `max_new_tokens` (=256) and `max_length`(=200) seem to have been set. `max_new_tokens` will take precedence. Please refer to the documentation for more information. (https://huggingface.co/docs/transformers/main/en/main_classes/text_generation)
[transformers] Both `max_new_tokens` (=256) and `max_length`(=200) seem to have been set. `max_new_tokens` will take precedence. Please refer to the documentation for more information. (https://huggingface.co/docs/transformers/main/en/main_classes/text_generation)
[transformers] Both `max_new_tokens` (=256) and `max_length`(=200) seem to have been set. `max_new_tokens` will take precedence. Please refer to the documentation for more information. (https://huggingface.co/docs/transformers/main/en/main_classes/text_generation)
[transformers] Both `max_new_tokens` (=256) and `max_length`(=200) seem to have been set. `max_new_tokens` will take precedence. Please refer to the documentation for more information. (https://huggingface.co/docs/transformers/main/en/main_classes/text_generation)
[transformers] Both `max_new_tokens` (=256) and `max_length`(=200) seem to have been set. `max_new_tokens` will take precedence. Please refer to the documentation for more information. (https://huggingface.co/docs/transformers/main/en/main_classes/text_generation)
[transformers] Both `max_new_tokens` (=256) and `max_length`(=200) seem to have been set. `max_new_tokens` will take precedence. Please refer to the documentation for more information. (https://huggingface.co/docs/transformers/main/en/main_classes/text_generation)
[transformers] Both `max_new_tokens` (=256) and `max_length`(=200) seem to have been set. `max_new_tokens` will take precedence. Please refer to the documentation for more information. (https://huggingface.co/docs/transformers/main/en/main_classes/text_generation)
2026-05-26 12:02:36.893 | INFO     | __main__:evaluate:77 -   830/1012 done
[transformers] Both `max_new_tokens` (=256) and `max_length`(=200) seem to have been set. `max_new_tokens` will take precedence. Please refer to the documentation for more information. (https://huggingface.co/docs/transformers/main/en/main_classes/text_generation)
[transformers] Both `max_new_tokens` (=256) and `max_length`(=200) seem to have been set. `max_new_tokens` will take precedence. Please refer to the documentation for more information. (https://huggingface.co/docs/transformers/main/en/main_classes/text_generation)
[transformers] Both `max_new_tokens` (=256) and `max_length`(=200) seem to have been set. `max_new_tokens` will take precedence. Please refer to the documentation for more information. (https://huggingface.co/docs/transformers/main/en/main_classes/text_generation)
[transformers] Both `max_new_tokens` (=256) and `max_length`(=200) seem to have been set. `max_new_tokens` will take precedence. Please refer to the documentation for more information. (https://huggingface.co/docs/transformers/main/en/main_classes/text_generation)
[transformers] Both `max_new_tokens` (=256) and `max_length`(=200) seem to have been set. `max_new_tokens` will take precedence. Please refer to the documentation for more information. (https://huggingface.co/docs/transformers/main/en/main_classes/text_generation)
[transformers] Both `max_new_tokens` (=256) and `max_length`(=200) seem to have been set. `max_new_tokens` will take precedence. Please refer to the documentation for more information. (https://huggingface.co/docs/transformers/main/en/main_classes/text_generation)
[transformers] Both `max_new_tokens` (=256) and `max_length`(=200) seem to have been set. `max_new_tokens` will take precedence. Please refer to the documentation for more information. (https://huggingface.co/docs/transformers/main/en/main_classes/text_generation)
[transformers] Both `max_new_tokens` (=256) and `max_length`(=200) seem to have been set. `max_new_tokens` will take precedence. Please refer to the documentation for more information. (https://huggingface.co/docs/transformers/main/en/main_classes/text_generation)
[transformers] Both `max_new_tokens` (=256) and `max_length`(=200) seem to have been set. `max_new_tokens` will take precedence. Please refer to the documentation for more information. (https://huggingface.co/docs/transformers/main/en/main_classes/text_generation)
[transformers] Both `max_new_tokens` (=256) and `max_length`(=200) seem to have been set. `max_new_tokens` will take precedence. Please refer to the documentation for more information. (https://huggingface.co/docs/transformers/main/en/main_classes/text_generation)
2026-05-26 12:02:39.240 | INFO     | __main__:evaluate:77 -   840/1012 done
[transformers] Both `max_new_tokens` (=256) and `max_length`(=200) seem to have been set. `max_new_tokens` will take precedence. Please refer to the documentation for more information. (https://huggingface.co/docs/transformers/main/en/main_classes/text_generation)
[transformers] Both `max_new_tokens` (=256) and `max_length`(=200) seem to have been set. `max_new_tokens` will take precedence. Please refer to the documentation for more information. (https://huggingface.co/docs/transformers/main/en/main_classes/text_generation)
[transformers] Both `max_new_tokens` (=256) and `max_length`(=200) seem to have been set. `max_new_tokens` will take precedence. Please refer to the documentation for more information. (https://huggingface.co/docs/transformers/main/en/main_classes/text_generation)
[transformers] Both `max_new_tokens` (=256) and `max_length`(=200) seem to have been set. `max_new_tokens` will take precedence. Please refer to the documentation for more information. (https://huggingface.co/docs/transformers/main/en/main_classes/text_generation)
[transformers] Both `max_new_tokens` (=256) and `max_length`(=200) seem to have been set. `max_new_tokens` will take precedence. Please refer to the documentation for more information. (https://huggingface.co/docs/transformers/main/en/main_classes/text_generation)
[transformers] Both `max_new_tokens` (=256) and `max_length`(=200) seem to have been set. `max_new_tokens` will take precedence. Please refer to the documentation for more information. (https://huggingface.co/docs/transformers/main/en/main_classes/text_generation)
[transformers] Both `max_new_tokens` (=256) and `max_length`(=200) seem to have been set. `max_new_tokens` will take precedence. Please refer to the documentation for more information. (https://huggingface.co/docs/transformers/main/en/main_classes/text_generation)
[transformers] Both `max_new_tokens` (=256) and `max_length`(=200) seem to have been set. `max_new_tokens` will take precedence. Please refer to the documentation for more information. (https://huggingface.co/docs/transformers/main/en/main_classes/text_generation)
[transformers] Both `max_new_tokens` (=256) and `max_length`(=200) seem to have been set. `max_new_tokens` will take precedence. Please refer to the documentation for more information. (https://huggingface.co/docs/transformers/main/en/main_classes/text_generation)
[transformers] Both `max_new_tokens` (=256) and `max_length`(=200) seem to have been set. `max_new_tokens` will take precedence. Please refer to the documentation for more information. (https://huggingface.co/docs/transformers/main/en/main_classes/text_generation)
2026-05-26 12:02:41.639 | INFO     | __main__:evaluate:77 -   850/1012 done
[transformers] Both `max_new_tokens` (=256) and `max_length`(=200) seem to have been set. `max_new_tokens` will take precedence. Please refer to the documentation for more information. (https://huggingface.co/docs/transformers/main/en/main_classes/text_generation)
[transformers] Both `max_new_tokens` (=256) and `max_length`(=200) seem to have been set. `max_new_tokens` will take precedence. Please refer to the documentation for more information. (https://huggingface.co/docs/transformers/main/en/main_classes/text_generation)
[transformers] Both `max_new_tokens` (=256) and `max_length`(=200) seem to have been set. `max_new_tokens` will take precedence. Please refer to the documentation for more information. (https://huggingface.co/docs/transformers/main/en/main_classes/text_generation)
[transformers] Both `max_new_tokens` (=256) and `max_length`(=200) seem to have been set. `max_new_tokens` will take precedence. Please refer to the documentation for more information. (https://huggingface.co/docs/transformers/main/en/main_classes/text_generation)
[transformers] Both `max_new_tokens` (=256) and `max_length`(=200) seem to have been set. `max_new_tokens` will take precedence. Please refer to the documentation for more information. (https://huggingface.co/docs/transformers/main/en/main_classes/text_generation)
[transformers] Both `max_new_tokens` (=256) and `max_length`(=200) seem to have been set. `max_new_tokens` will take precedence. Please refer to the documentation for more information. (https://huggingface.co/docs/transformers/main/en/main_classes/text_generation)
[transformers] Both `max_new_tokens` (=256) and `max_length`(=200) seem to have been set. `max_new_tokens` will take precedence. Please refer to the documentation for more information. (https://huggingface.co/docs/transformers/main/en/main_classes/text_generation)
[transformers] Both `max_new_tokens` (=256) and `max_length`(=200) seem to have been set. `max_new_tokens` will take precedence. Please refer to the documentation for more information. (https://huggingface.co/docs/transformers/main/en/main_classes/text_generation)
[transformers] Both `max_new_tokens` (=256) and `max_length`(=200) seem to have been set. `max_new_tokens` will take precedence. Please refer to the documentation for more information. (https://huggingface.co/docs/transformers/main/en/main_classes/text_generation)
[transformers] Both `max_new_tokens` (=256) and `max_length`(=200) seem to have been set. `max_new_tokens` will take precedence. Please refer to the documentation for more information. (https://huggingface.co/docs/transformers/main/en/main_classes/text_generation)
2026-05-26 12:02:43.987 | INFO     | __main__:evaluate:77 -   860/1012 done
[transformers] Both `max_new_tokens` (=256) and `max_length`(=200) seem to have been set. `max_new_tokens` will take precedence. Please refer to the documentation for more information. (https://huggingface.co/docs/transformers/main/en/main_classes/text_generation)
[transformers] Both `max_new_tokens` (=256) and `max_length`(=200) seem to have been set. `max_new_tokens` will take precedence. Please refer to the documentation for more information. (https://huggingface.co/docs/transformers/main/en/main_classes/text_generation)
[transformers] Both `max_new_tokens` (=256) and `max_length`(=200) seem to have been set. `max_new_tokens` will take precedence. Please refer to the documentation for more information. (https://huggingface.co/docs/transformers/main/en/main_classes/text_generation)
[transformers] Both `max_new_tokens` (=256) and `max_length`(=200) seem to have been set. `max_new_tokens` will take precedence. Please refer to the documentation for more information. (https://huggingface.co/docs/transformers/main/en/main_classes/text_generation)
[transformers] Both `max_new_tokens` (=256) and `max_length`(=200) seem to have been set. `max_new_tokens` will take precedence. Please refer to the documentation for more information. (https://huggingface.co/docs/transformers/main/en/main_classes/text_generation)
[transformers] Both `max_new_tokens` (=256) and `max_length`(=200) seem to have been set. `max_new_tokens` will take precedence. Please refer to the documentation for more information. (https://huggingface.co/docs/transformers/main/en/main_classes/text_generation)
[transformers] Both `max_new_tokens` (=256) and `max_length`(=200) seem to have been set. `max_new_tokens` will take precedence. Please refer to the documentation for more information. (https://huggingface.co/docs/transformers/main/en/main_classes/text_generation)
[transformers] Both `max_new_tokens` (=256) and `max_length`(=200) seem to have been set. `max_new_tokens` will take precedence. Please refer to the documentation for more information. (https://huggingface.co/docs/transformers/main/en/main_classes/text_generation)
[transformers] Both `max_new_tokens` (=256) and `max_length`(=200) seem to have been set. `max_new_tokens` will take precedence. Please refer to the documentation for more information. (https://huggingface.co/docs/transformers/main/en/main_classes/text_generation)
[transformers] Both `max_new_tokens` (=256) and `max_length`(=200) seem to have been set. `max_new_tokens` will take precedence. Please refer to the documentation for more information. (https://huggingface.co/docs/transformers/main/en/main_classes/text_generation)
2026-05-26 12:02:45.697 | INFO     | __main__:evaluate:77 -   870/1012 done
[transformers] Both `max_new_tokens` (=256) and `max_length`(=200) seem to have been set. `max_new_tokens` will take precedence. Please refer to the documentation for more information. (https://huggingface.co/docs/transformers/main/en/main_classes/text_generation)
[transformers] Both `max_new_tokens` (=256) and `max_length`(=200) seem to have been set. `max_new_tokens` will take precedence. Please refer to the documentation for more information. (https://huggingface.co/docs/transformers/main/en/main_classes/text_generation)
[transformers] Both `max_new_tokens` (=256) and `max_length`(=200) seem to have been set. `max_new_tokens` will take precedence. Please refer to the documentation for more information. (https://huggingface.co/docs/transformers/main/en/main_classes/text_generation)
[transformers] Both `max_new_tokens` (=256) and `max_length`(=200) seem to have been set. `max_new_tokens` will take precedence. Please refer to the documentation for more information. (https://huggingface.co/docs/transformers/main/en/main_classes/text_generation)
[transformers] Both `max_new_tokens` (=256) and `max_length`(=200) seem to have been set. `max_new_tokens` will take precedence. Please refer to the documentation for more information. (https://huggingface.co/docs/transformers/main/en/main_classes/text_generation)
[transformers] Both `max_new_tokens` (=256) and `max_length`(=200) seem to have been set. `max_new_tokens` will take precedence. Please refer to the documentation for more information. (https://huggingface.co/docs/transformers/main/en/main_classes/text_generation)
[transformers] Both `max_new_tokens` (=256) and `max_length`(=200) seem to have been set. `max_new_tokens` will take precedence. Please refer to the documentation for more information. (https://huggingface.co/docs/transformers/main/en/main_classes/text_generation)
[transformers] Both `max_new_tokens` (=256) and `max_length`(=200) seem to have been set. `max_new_tokens` will take precedence. Please refer to the documentation for more information. (https://huggingface.co/docs/transformers/main/en/main_classes/text_generation)
[transformers] Both `max_new_tokens` (=256) and `max_length`(=200) seem to have been set. `max_new_tokens` will take precedence. Please refer to the documentation for more information. (https://huggingface.co/docs/transformers/main/en/main_classes/text_generation)
[transformers] Both `max_new_tokens` (=256) and `max_length`(=200) seem to have been set. `max_new_tokens` will take precedence. Please refer to the documentation for more information. (https://huggingface.co/docs/transformers/main/en/main_classes/text_generation)
2026-05-26 12:02:50.465 | INFO     | __main__:evaluate:77 -   880/1012 done
[transformers] Both `max_new_tokens` (=256) and `max_length`(=200) seem to have been set. `max_new_tokens` will take precedence. Please refer to the documentation for more information. (https://huggingface.co/docs/transformers/main/en/main_classes/text_generation)
[transformers] Both `max_new_tokens` (=256) and `max_length`(=200) seem to have been set. `max_new_tokens` will take precedence. Please refer to the documentation for more information. (https://huggingface.co/docs/transformers/main/en/main_classes/text_generation)
[transformers] Both `max_new_tokens` (=256) and `max_length`(=200) seem to have been set. `max_new_tokens` will take precedence. Please refer to the documentation for more information. (https://huggingface.co/docs/transformers/main/en/main_classes/text_generation)
[transformers] Both `max_new_tokens` (=256) and `max_length`(=200) seem to have been set. `max_new_tokens` will take precedence. Please refer to the documentation for more information. (https://huggingface.co/docs/transformers/main/en/main_classes/text_generation)
[transformers] Both `max_new_tokens` (=256) and `max_length`(=200) seem to have been set. `max_new_tokens` will take precedence. Please refer to the documentation for more information. (https://huggingface.co/docs/transformers/main/en/main_classes/text_generation)
[transformers] Both `max_new_tokens` (=256) and `max_length`(=200) seem to have been set. `max_new_tokens` will take precedence. Please refer to the documentation for more information. (https://huggingface.co/docs/transformers/main/en/main_classes/text_generation)
[transformers] Both `max_new_tokens` (=256) and `max_length`(=200) seem to have been set. `max_new_tokens` will take precedence. Please refer to the documentation for more information. (https://huggingface.co/docs/transformers/main/en/main_classes/text_generation)
[transformers] Both `max_new_tokens` (=256) and `max_length`(=200) seem to have been set. `max_new_tokens` will take precedence. Please refer to the documentation for more information. (https://huggingface.co/docs/transformers/main/en/main_classes/text_generation)
[transformers] Both `max_new_tokens` (=256) and `max_length`(=200) seem to have been set. `max_new_tokens` will take precedence. Please refer to the documentation for more information. (https://huggingface.co/docs/transformers/main/en/main_classes/text_generation)
[transformers] Both `max_new_tokens` (=256) and `max_length`(=200) seem to have been set. `max_new_tokens` will take precedence. Please refer to the documentation for more information. (https://huggingface.co/docs/transformers/main/en/main_classes/text_generation)
2026-05-26 12:02:53.303 | INFO     | __main__:evaluate:77 -   890/1012 done
[transformers] Both `max_new_tokens` (=256) and `max_length`(=200) seem to have been set. `max_new_tokens` will take precedence. Please refer to the documentation for more information. (https://huggingface.co/docs/transformers/main/en/main_classes/text_generation)
[transformers] Both `max_new_tokens` (=256) and `max_length`(=200) seem to have been set. `max_new_tokens` will take precedence. Please refer to the documentation for more information. (https://huggingface.co/docs/transformers/main/en/main_classes/text_generation)
[transformers] Both `max_new_tokens` (=256) and `max_length`(=200) seem to have been set. `max_new_tokens` will take precedence. Please refer to the documentation for more information. (https://huggingface.co/docs/transformers/main/en/main_classes/text_generation)
[transformers] Both `max_new_tokens` (=256) and `max_length`(=200) seem to have been set. `max_new_tokens` will take precedence. Please refer to the documentation for more information. (https://huggingface.co/docs/transformers/main/en/main_classes/text_generation)
[transformers] Both `max_new_tokens` (=256) and `max_length`(=200) seem to have been set. `max_new_tokens` will take precedence. Please refer to the documentation for more information. (https://huggingface.co/docs/transformers/main/en/main_classes/text_generation)
[transformers] Both `max_new_tokens` (=256) and `max_length`(=200) seem to have been set. `max_new_tokens` will take precedence. Please refer to the documentation for more information. (https://huggingface.co/docs/transformers/main/en/main_classes/text_generation)
[transformers] Both `max_new_tokens` (=256) and `max_length`(=200) seem to have been set. `max_new_tokens` will take precedence. Please refer to the documentation for more information. (https://huggingface.co/docs/transformers/main/en/main_classes/text_generation)
[transformers] Both `max_new_tokens` (=256) and `max_length`(=200) seem to have been set. `max_new_tokens` will take precedence. Please refer to the documentation for more information. (https://huggingface.co/docs/transformers/main/en/main_classes/text_generation)
[transformers] Both `max_new_tokens` (=256) and `max_length`(=200) seem to have been set. `max_new_tokens` will take precedence. Please refer to the documentation for more information. (https://huggingface.co/docs/transformers/main/en/main_classes/text_generation)
[transformers] Both `max_new_tokens` (=256) and `max_length`(=200) seem to have been set. `max_new_tokens` will take precedence. Please refer to the documentation for more information. (https://huggingface.co/docs/transformers/main/en/main_classes/text_generation)
2026-05-26 12:02:55.104 | INFO     | __main__:evaluate:77 -   900/1012 done
[transformers] Both `max_new_tokens` (=256) and `max_length`(=200) seem to have been set. `max_new_tokens` will take precedence. Please refer to the documentation for more information. (https://huggingface.co/docs/transformers/main/en/main_classes/text_generation)
[transformers] Both `max_new_tokens` (=256) and `max_length`(=200) seem to have been set. `max_new_tokens` will take precedence. Please refer to the documentation for more information. (https://huggingface.co/docs/transformers/main/en/main_classes/text_generation)
[transformers] Both `max_new_tokens` (=256) and `max_length`(=200) seem to have been set. `max_new_tokens` will take precedence. Please refer to the documentation for more information. (https://huggingface.co/docs/transformers/main/en/main_classes/text_generation)
[transformers] Both `max_new_tokens` (=256) and `max_length`(=200) seem to have been set. `max_new_tokens` will take precedence. Please refer to the documentation for more information. (https://huggingface.co/docs/transformers/main/en/main_classes/text_generation)
[transformers] Both `max_new_tokens` (=256) and `max_length`(=200) seem to have been set. `max_new_tokens` will take precedence. Please refer to the documentation for more information. (https://huggingface.co/docs/transformers/main/en/main_classes/text_generation)
[transformers] Both `max_new_tokens` (=256) and `max_length`(=200) seem to have been set. `max_new_tokens` will take precedence. Please refer to the documentation for more information. (https://huggingface.co/docs/transformers/main/en/main_classes/text_generation)
[transformers] Both `max_new_tokens` (=256) and `max_length`(=200) seem to have been set. `max_new_tokens` will take precedence. Please refer to the documentation for more information. (https://huggingface.co/docs/transformers/main/en/main_classes/text_generation)
[transformers] Both `max_new_tokens` (=256) and `max_length`(=200) seem to have been set. `max_new_tokens` will take precedence. Please refer to the documentation for more information. (https://huggingface.co/docs/transformers/main/en/main_classes/text_generation)
[transformers] Both `max_new_tokens` (=256) and `max_length`(=200) seem to have been set. `max_new_tokens` will take precedence. Please refer to the documentation for more information. (https://huggingface.co/docs/transformers/main/en/main_classes/text_generation)
[transformers] Both `max_new_tokens` (=256) and `max_length`(=200) seem to have been set. `max_new_tokens` will take precedence. Please refer to the documentation for more information. (https://huggingface.co/docs/transformers/main/en/main_classes/text_generation)
2026-05-26 12:02:57.216 | INFO     | __main__:evaluate:77 -   910/1012 done
[transformers] Both `max_new_tokens` (=256) and `max_length`(=200) seem to have been set. `max_new_tokens` will take precedence. Please refer to the documentation for more information. (https://huggingface.co/docs/transformers/main/en/main_classes/text_generation)
[transformers] Both `max_new_tokens` (=256) and `max_length`(=200) seem to have been set. `max_new_tokens` will take precedence. Please refer to the documentation for more information. (https://huggingface.co/docs/transformers/main/en/main_classes/text_generation)
[transformers] Both `max_new_tokens` (=256) and `max_length`(=200) seem to have been set. `max_new_tokens` will take precedence. Please refer to the documentation for more information. (https://huggingface.co/docs/transformers/main/en/main_classes/text_generation)
[transformers] Both `max_new_tokens` (=256) and `max_length`(=200) seem to have been set. `max_new_tokens` will take precedence. Please refer to the documentation for more information. (https://huggingface.co/docs/transformers/main/en/main_classes/text_generation)
[transformers] Both `max_new_tokens` (=256) and `max_length`(=200) seem to have been set. `max_new_tokens` will take precedence. Please refer to the documentation for more information. (https://huggingface.co/docs/transformers/main/en/main_classes/text_generation)
[transformers] Both `max_new_tokens` (=256) and `max_length`(=200) seem to have been set. `max_new_tokens` will take precedence. Please refer to the documentation for more information. (https://huggingface.co/docs/transformers/main/en/main_classes/text_generation)
[transformers] Both `max_new_tokens` (=256) and `max_length`(=200) seem to have been set. `max_new_tokens` will take precedence. Please refer to the documentation for more information. (https://huggingface.co/docs/transformers/main/en/main_classes/text_generation)
[transformers] Both `max_new_tokens` (=256) and `max_length`(=200) seem to have been set. `max_new_tokens` will take precedence. Please refer to the documentation for more information. (https://huggingface.co/docs/transformers/main/en/main_classes/text_generation)
[transformers] Both `max_new_tokens` (=256) and `max_length`(=200) seem to have been set. `max_new_tokens` will take precedence. Please refer to the documentation for more information. (https://huggingface.co/docs/transformers/main/en/main_classes/text_generation)
[transformers] Both `max_new_tokens` (=256) and `max_length`(=200) seem to have been set. `max_new_tokens` will take precedence. Please refer to the documentation for more information. (https://huggingface.co/docs/transformers/main/en/main_classes/text_generation)
2026-05-26 12:02:59.288 | INFO     | __main__:evaluate:77 -   920/1012 done
[transformers] Both `max_new_tokens` (=256) and `max_length`(=200) seem to have been set. `max_new_tokens` will take precedence. Please refer to the documentation for more information. (https://huggingface.co/docs/transformers/main/en/main_classes/text_generation)
[transformers] Both `max_new_tokens` (=256) and `max_length`(=200) seem to have been set. `max_new_tokens` will take precedence. Please refer to the documentation for more information. (https://huggingface.co/docs/transformers/main/en/main_classes/text_generation)
[transformers] Both `max_new_tokens` (=256) and `max_length`(=200) seem to have been set. `max_new_tokens` will take precedence. Please refer to the documentation for more information. (https://huggingface.co/docs/transformers/main/en/main_classes/text_generation)
[transformers] Both `max_new_tokens` (=256) and `max_length`(=200) seem to have been set. `max_new_tokens` will take precedence. Please refer to the documentation for more information. (https://huggingface.co/docs/transformers/main/en/main_classes/text_generation)
[transformers] Both `max_new_tokens` (=256) and `max_length`(=200) seem to have been set. `max_new_tokens` will take precedence. Please refer to the documentation for more information. (https://huggingface.co/docs/transformers/main/en/main_classes/text_generation)
[transformers] Both `max_new_tokens` (=256) and `max_length`(=200) seem to have been set. `max_new_tokens` will take precedence. Please refer to the documentation for more information. (https://huggingface.co/docs/transformers/main/en/main_classes/text_generation)
[transformers] Both `max_new_tokens` (=256) and `max_length`(=200) seem to have been set. `max_new_tokens` will take precedence. Please refer to the documentation for more information. (https://huggingface.co/docs/transformers/main/en/main_classes/text_generation)
[transformers] Both `max_new_tokens` (=256) and `max_length`(=200) seem to have been set. `max_new_tokens` will take precedence. Please refer to the documentation for more information. (https://huggingface.co/docs/transformers/main/en/main_classes/text_generation)
[transformers] Both `max_new_tokens` (=256) and `max_length`(=200) seem to have been set. `max_new_tokens` will take precedence. Please refer to the documentation for more information. (https://huggingface.co/docs/transformers/main/en/main_classes/text_generation)
[transformers] Both `max_new_tokens` (=256) and `max_length`(=200) seem to have been set. `max_new_tokens` will take precedence. Please refer to the documentation for more information. (https://huggingface.co/docs/transformers/main/en/main_classes/text_generation)
2026-05-26 12:03:01.213 | INFO     | __main__:evaluate:77 -   930/1012 done
[transformers] Both `max_new_tokens` (=256) and `max_length`(=200) seem to have been set. `max_new_tokens` will take precedence. Please refer to the documentation for more information. (https://huggingface.co/docs/transformers/main/en/main_classes/text_generation)
[transformers] Both `max_new_tokens` (=256) and `max_length`(=200) seem to have been set. `max_new_tokens` will take precedence. Please refer to the documentation for more information. (https://huggingface.co/docs/transformers/main/en/main_classes/text_generation)
[transformers] Both `max_new_tokens` (=256) and `max_length`(=200) seem to have been set. `max_new_tokens` will take precedence. Please refer to the documentation for more information. (https://huggingface.co/docs/transformers/main/en/main_classes/text_generation)
[transformers] Both `max_new_tokens` (=256) and `max_length`(=200) seem to have been set. `max_new_tokens` will take precedence. Please refer to the documentation for more information. (https://huggingface.co/docs/transformers/main/en/main_classes/text_generation)
[transformers] Both `max_new_tokens` (=256) and `max_length`(=200) seem to have been set. `max_new_tokens` will take precedence. Please refer to the documentation for more information. (https://huggingface.co/docs/transformers/main/en/main_classes/text_generation)
[transformers] Both `max_new_tokens` (=256) and `max_length`(=200) seem to have been set. `max_new_tokens` will take precedence. Please refer to the documentation for more information. (https://huggingface.co/docs/transformers/main/en/main_classes/text_generation)
[transformers] Both `max_new_tokens` (=256) and `max_length`(=200) seem to have been set. `max_new_tokens` will take precedence. Please refer to the documentation for more information. (https://huggingface.co/docs/transformers/main/en/main_classes/text_generation)
[transformers] Both `max_new_tokens` (=256) and `max_length`(=200) seem to have been set. `max_new_tokens` will take precedence. Please refer to the documentation for more information. (https://huggingface.co/docs/transformers/main/en/main_classes/text_generation)
[transformers] Both `max_new_tokens` (=256) and `max_length`(=200) seem to have been set. `max_new_tokens` will take precedence. Please refer to the documentation for more information. (https://huggingface.co/docs/transformers/main/en/main_classes/text_generation)
[transformers] Both `max_new_tokens` (=256) and `max_length`(=200) seem to have been set. `max_new_tokens` will take precedence. Please refer to the documentation for more information. (https://huggingface.co/docs/transformers/main/en/main_classes/text_generation)
2026-05-26 12:03:03.005 | INFO     | __main__:evaluate:77 -   940/1012 done
[transformers] Both `max_new_tokens` (=256) and `max_length`(=200) seem to have been set. `max_new_tokens` will take precedence. Please refer to the documentation for more information. (https://huggingface.co/docs/transformers/main/en/main_classes/text_generation)
[transformers] Both `max_new_tokens` (=256) and `max_length`(=200) seem to have been set. `max_new_tokens` will take precedence. Please refer to the documentation for more information. (https://huggingface.co/docs/transformers/main/en/main_classes/text_generation)
[transformers] Both `max_new_tokens` (=256) and `max_length`(=200) seem to have been set. `max_new_tokens` will take precedence. Please refer to the documentation for more information. (https://huggingface.co/docs/transformers/main/en/main_classes/text_generation)
[transformers] Both `max_new_tokens` (=256) and `max_length`(=200) seem to have been set. `max_new_tokens` will take precedence. Please refer to the documentation for more information. (https://huggingface.co/docs/transformers/main/en/main_classes/text_generation)
[transformers] Both `max_new_tokens` (=256) and `max_length`(=200) seem to have been set. `max_new_tokens` will take precedence. Please refer to the documentation for more information. (https://huggingface.co/docs/transformers/main/en/main_classes/text_generation)
[transformers] Both `max_new_tokens` (=256) and `max_length`(=200) seem to have been set. `max_new_tokens` will take precedence. Please refer to the documentation for more information. (https://huggingface.co/docs/transformers/main/en/main_classes/text_generation)
[transformers] Both `max_new_tokens` (=256) and `max_length`(=200) seem to have been set. `max_new_tokens` will take precedence. Please refer to the documentation for more information. (https://huggingface.co/docs/transformers/main/en/main_classes/text_generation)
[transformers] Both `max_new_tokens` (=256) and `max_length`(=200) seem to have been set. `max_new_tokens` will take precedence. Please refer to the documentation for more information. (https://huggingface.co/docs/transformers/main/en/main_classes/text_generation)
[transformers] Both `max_new_tokens` (=256) and `max_length`(=200) seem to have been set. `max_new_tokens` will take precedence. Please refer to the documentation for more information. (https://huggingface.co/docs/transformers/main/en/main_classes/text_generation)
[transformers] Both `max_new_tokens` (=256) and `max_length`(=200) seem to have been set. `max_new_tokens` will take precedence. Please refer to the documentation for more information. (https://huggingface.co/docs/transformers/main/en/main_classes/text_generation)
2026-05-26 12:03:05.465 | INFO     | __main__:evaluate:77 -   950/1012 done
[transformers] Both `max_new_tokens` (=256) and `max_length`(=200) seem to have been set. `max_new_tokens` will take precedence. Please refer to the documentation for more information. (https://huggingface.co/docs/transformers/main/en/main_classes/text_generation)
[transformers] Both `max_new_tokens` (=256) and `max_length`(=200) seem to have been set. `max_new_tokens` will take precedence. Please refer to the documentation for more information. (https://huggingface.co/docs/transformers/main/en/main_classes/text_generation)
[transformers] Both `max_new_tokens` (=256) and `max_length`(=200) seem to have been set. `max_new_tokens` will take precedence. Please refer to the documentation for more information. (https://huggingface.co/docs/transformers/main/en/main_classes/text_generation)
[transformers] Both `max_new_tokens` (=256) and `max_length`(=200) seem to have been set. `max_new_tokens` will take precedence. Please refer to the documentation for more information. (https://huggingface.co/docs/transformers/main/en/main_classes/text_generation)
[transformers] Both `max_new_tokens` (=256) and `max_length`(=200) seem to have been set. `max_new_tokens` will take precedence. Please refer to the documentation for more information. (https://huggingface.co/docs/transformers/main/en/main_classes/text_generation)
[transformers] Both `max_new_tokens` (=256) and `max_length`(=200) seem to have been set. `max_new_tokens` will take precedence. Please refer to the documentation for more information. (https://huggingface.co/docs/transformers/main/en/main_classes/text_generation)
[transformers] Both `max_new_tokens` (=256) and `max_length`(=200) seem to have been set. `max_new_tokens` will take precedence. Please refer to the documentation for more information. (https://huggingface.co/docs/transformers/main/en/main_classes/text_generation)
[transformers] Both `max_new_tokens` (=256) and `max_length`(=200) seem to have been set. `max_new_tokens` will take precedence. Please refer to the documentation for more information. (https://huggingface.co/docs/transformers/main/en/main_classes/text_generation)
[transformers] Both `max_new_tokens` (=256) and `max_length`(=200) seem to have been set. `max_new_tokens` will take precedence. Please refer to the documentation for more information. (https://huggingface.co/docs/transformers/main/en/main_classes/text_generation)
[transformers] Both `max_new_tokens` (=256) and `max_length`(=200) seem to have been set. `max_new_tokens` will take precedence. Please refer to the documentation for more information. (https://huggingface.co/docs/transformers/main/en/main_classes/text_generation)
2026-05-26 12:03:08.365 | INFO     | __main__:evaluate:77 -   960/1012 done
[transformers] Both `max_new_tokens` (=256) and `max_length`(=200) seem to have been set. `max_new_tokens` will take precedence. Please refer to the documentation for more information. (https://huggingface.co/docs/transformers/main/en/main_classes/text_generation)
[transformers] Both `max_new_tokens` (=256) and `max_length`(=200) seem to have been set. `max_new_tokens` will take precedence. Please refer to the documentation for more information. (https://huggingface.co/docs/transformers/main/en/main_classes/text_generation)
[transformers] Both `max_new_tokens` (=256) and `max_length`(=200) seem to have been set. `max_new_tokens` will take precedence. Please refer to the documentation for more information. (https://huggingface.co/docs/transformers/main/en/main_classes/text_generation)
[transformers] Both `max_new_tokens` (=256) and `max_length`(=200) seem to have been set. `max_new_tokens` will take precedence. Please refer to the documentation for more information. (https://huggingface.co/docs/transformers/main/en/main_classes/text_generation)
[transformers] Both `max_new_tokens` (=256) and `max_length`(=200) seem to have been set. `max_new_tokens` will take precedence. Please refer to the documentation for more information. (https://huggingface.co/docs/transformers/main/en/main_classes/text_generation)
[transformers] Both `max_new_tokens` (=256) and `max_length`(=200) seem to have been set. `max_new_tokens` will take precedence. Please refer to the documentation for more information. (https://huggingface.co/docs/transformers/main/en/main_classes/text_generation)
[transformers] Both `max_new_tokens` (=256) and `max_length`(=200) seem to have been set. `max_new_tokens` will take precedence. Please refer to the documentation for more information. (https://huggingface.co/docs/transformers/main/en/main_classes/text_generation)
[transformers] Both `max_new_tokens` (=256) and `max_length`(=200) seem to have been set. `max_new_tokens` will take precedence. Please refer to the documentation for more information. (https://huggingface.co/docs/transformers/main/en/main_classes/text_generation)
[transformers] Both `max_new_tokens` (=256) and `max_length`(=200) seem to have been set. `max_new_tokens` will take precedence. Please refer to the documentation for more information. (https://huggingface.co/docs/transformers/main/en/main_classes/text_generation)
[transformers] Both `max_new_tokens` (=256) and `max_length`(=200) seem to have been set. `max_new_tokens` will take precedence. Please refer to the documentation for more information. (https://huggingface.co/docs/transformers/main/en/main_classes/text_generation)
2026-05-26 12:03:11.050 | INFO     | __main__:evaluate:77 -   970/1012 done
[transformers] Both `max_new_tokens` (=256) and `max_length`(=200) seem to have been set. `max_new_tokens` will take precedence. Please refer to the documentation for more information. (https://huggingface.co/docs/transformers/main/en/main_classes/text_generation)
[transformers] Both `max_new_tokens` (=256) and `max_length`(=200) seem to have been set. `max_new_tokens` will take precedence. Please refer to the documentation for more information. (https://huggingface.co/docs/transformers/main/en/main_classes/text_generation)
[transformers] Both `max_new_tokens` (=256) and `max_length`(=200) seem to have been set. `max_new_tokens` will take precedence. Please refer to the documentation for more information. (https://huggingface.co/docs/transformers/main/en/main_classes/text_generation)
[transformers] Both `max_new_tokens` (=256) and `max_length`(=200) seem to have been set. `max_new_tokens` will take precedence. Please refer to the documentation for more information. (https://huggingface.co/docs/transformers/main/en/main_classes/text_generation)
[transformers] Both `max_new_tokens` (=256) and `max_length`(=200) seem to have been set. `max_new_tokens` will take precedence. Please refer to the documentation for more information. (https://huggingface.co/docs/transformers/main/en/main_classes/text_generation)
[transformers] Both `max_new_tokens` (=256) and `max_length`(=200) seem to have been set. `max_new_tokens` will take precedence. Please refer to the documentation for more information. (https://huggingface.co/docs/transformers/main/en/main_classes/text_generation)
[transformers] Both `max_new_tokens` (=256) and `max_length`(=200) seem to have been set. `max_new_tokens` will take precedence. Please refer to the documentation for more information. (https://huggingface.co/docs/transformers/main/en/main_classes/text_generation)
[transformers] Both `max_new_tokens` (=256) and `max_length`(=200) seem to have been set. `max_new_tokens` will take precedence. Please refer to the documentation for more information. (https://huggingface.co/docs/transformers/main/en/main_classes/text_generation)
[transformers] Both `max_new_tokens` (=256) and `max_length`(=200) seem to have been set. `max_new_tokens` will take precedence. Please refer to the documentation for more information. (https://huggingface.co/docs/transformers/main/en/main_classes/text_generation)
[transformers] Both `max_new_tokens` (=256) and `max_length`(=200) seem to have been set. `max_new_tokens` will take precedence. Please refer to the documentation for more information. (https://huggingface.co/docs/transformers/main/en/main_classes/text_generation)
2026-05-26 12:03:14.095 | INFO     | __main__:evaluate:77 -   980/1012 done
[transformers] Both `max_new_tokens` (=256) and `max_length`(=200) seem to have been set. `max_new_tokens` will take precedence. Please refer to the documentation for more information. (https://huggingface.co/docs/transformers/main/en/main_classes/text_generation)
[transformers] Both `max_new_tokens` (=256) and `max_length`(=200) seem to have been set. `max_new_tokens` will take precedence. Please refer to the documentation for more information. (https://huggingface.co/docs/transformers/main/en/main_classes/text_generation)
[transformers] Both `max_new_tokens` (=256) and `max_length`(=200) seem to have been set. `max_new_tokens` will take precedence. Please refer to the documentation for more information. (https://huggingface.co/docs/transformers/main/en/main_classes/text_generation)
[transformers] Both `max_new_tokens` (=256) and `max_length`(=200) seem to have been set. `max_new_tokens` will take precedence. Please refer to the documentation for more information. (https://huggingface.co/docs/transformers/main/en/main_classes/text_generation)
[transformers] Both `max_new_tokens` (=256) and `max_length`(=200) seem to have been set. `max_new_tokens` will take precedence. Please refer to the documentation for more information. (https://huggingface.co/docs/transformers/main/en/main_classes/text_generation)
[transformers] Both `max_new_tokens` (=256) and `max_length`(=200) seem to have been set. `max_new_tokens` will take precedence. Please refer to the documentation for more information. (https://huggingface.co/docs/transformers/main/en/main_classes/text_generation)
[transformers] Both `max_new_tokens` (=256) and `max_length`(=200) seem to have been set. `max_new_tokens` will take precedence. Please refer to the documentation for more information. (https://huggingface.co/docs/transformers/main/en/main_classes/text_generation)
[transformers] Both `max_new_tokens` (=256) and `max_length`(=200) seem to have been set. `max_new_tokens` will take precedence. Please refer to the documentation for more information. (https://huggingface.co/docs/transformers/main/en/main_classes/text_generation)
[transformers] Both `max_new_tokens` (=256) and `max_length`(=200) seem to have been set. `max_new_tokens` will take precedence. Please refer to the documentation for more information. (https://huggingface.co/docs/transformers/main/en/main_classes/text_generation)
[transformers] Both `max_new_tokens` (=256) and `max_length`(=200) seem to have been set. `max_new_tokens` will take precedence. Please refer to the documentation for more information. (https://huggingface.co/docs/transformers/main/en/main_classes/text_generation)
2026-05-26 12:03:15.727 | INFO     | __main__:evaluate:77 -   990/1012 done
[transformers] Both `max_new_tokens` (=256) and `max_length`(=200) seem to have been set. `max_new_tokens` will take precedence. Please refer to the documentation for more information. (https://huggingface.co/docs/transformers/main/en/main_classes/text_generation)
[transformers] Both `max_new_tokens` (=256) and `max_length`(=200) seem to have been set. `max_new_tokens` will take precedence. Please refer to the documentation for more information. (https://huggingface.co/docs/transformers/main/en/main_classes/text_generation)
[transformers] Both `max_new_tokens` (=256) and `max_length`(=200) seem to have been set. `max_new_tokens` will take precedence. Please refer to the documentation for more information. (https://huggingface.co/docs/transformers/main/en/main_classes/text_generation)
[transformers] Both `max_new_tokens` (=256) and `max_length`(=200) seem to have been set. `max_new_tokens` will take precedence. Please refer to the documentation for more information. (https://huggingface.co/docs/transformers/main/en/main_classes/text_generation)
[transformers] Both `max_new_tokens` (=256) and `max_length`(=200) seem to have been set. `max_new_tokens` will take precedence. Please refer to the documentation for more information. (https://huggingface.co/docs/transformers/main/en/main_classes/text_generation)
[transformers] Both `max_new_tokens` (=256) and `max_length`(=200) seem to have been set. `max_new_tokens` will take precedence. Please refer to the documentation for more information. (https://huggingface.co/docs/transformers/main/en/main_classes/text_generation)
[transformers] Both `max_new_tokens` (=256) and `max_length`(=200) seem to have been set. `max_new_tokens` will take precedence. Please refer to the documentation for more information. (https://huggingface.co/docs/transformers/main/en/main_classes/text_generation)
[transformers] Both `max_new_tokens` (=256) and `max_length`(=200) seem to have been set. `max_new_tokens` will take precedence. Please refer to the documentation for more information. (https://huggingface.co/docs/transformers/main/en/main_classes/text_generation)
[transformers] Both `max_new_tokens` (=256) and `max_length`(=200) seem to have been set. `max_new_tokens` will take precedence. Please refer to the documentation for more information. (https://huggingface.co/docs/transformers/main/en/main_classes/text_generation)
[transformers] Both `max_new_tokens` (=256) and `max_length`(=200) seem to have been set. `max_new_tokens` will take precedence. Please refer to the documentation for more information. (https://huggingface.co/docs/transformers/main/en/main_classes/text_generation)
2026-05-26 12:03:18.084 | INFO     | __main__:evaluate:77 -   1000/1012 done
[transformers] Both `max_new_tokens` (=256) and `max_length`(=200) seem to have been set. `max_new_tokens` will take precedence. Please refer to the documentation for more information. (https://huggingface.co/docs/transformers/main/en/main_classes/text_generation)
[transformers] Both `max_new_tokens` (=256) and `max_length`(=200) seem to have been set. `max_new_tokens` will take precedence. Please refer to the documentation for more information. (https://huggingface.co/docs/transformers/main/en/main_classes/text_generation)
[transformers] Both `max_new_tokens` (=256) and `max_length`(=200) seem to have been set. `max_new_tokens` will take precedence. Please refer to the documentation for more information. (https://huggingface.co/docs/transformers/main/en/main_classes/text_generation)
[transformers] Both `max_new_tokens` (=256) and `max_length`(=200) seem to have been set. `max_new_tokens` will take precedence. Please refer to the documentation for more information. (https://huggingface.co/docs/transformers/main/en/main_classes/text_generation)
[transformers] Both `max_new_tokens` (=256) and `max_length`(=200) seem to have been set. `max_new_tokens` will take precedence. Please refer to the documentation for more information. (https://huggingface.co/docs/transformers/main/en/main_classes/text_generation)
[transformers] Both `max_new_tokens` (=256) and `max_length`(=200) seem to have been set. `max_new_tokens` will take precedence. Please refer to the documentation for more information. (https://huggingface.co/docs/transformers/main/en/main_classes/text_generation)
[transformers] Both `max_new_tokens` (=256) and `max_length`(=200) seem to have been set. `max_new_tokens` will take precedence. Please refer to the documentation for more information. (https://huggingface.co/docs/transformers/main/en/main_classes/text_generation)
[transformers] Both `max_new_tokens` (=256) and `max_length`(=200) seem to have been set. `max_new_tokens` will take precedence. Please refer to the documentation for more information. (https://huggingface.co/docs/transformers/main/en/main_classes/text_generation)
[transformers] Both `max_new_tokens` (=256) and `max_length`(=200) seem to have been set. `max_new_tokens` will take precedence. Please refer to the documentation for more information. (https://huggingface.co/docs/transformers/main/en/main_classes/text_generation)
[transformers] Both `max_new_tokens` (=256) and `max_length`(=200) seem to have been set. `max_new_tokens` will take precedence. Please refer to the documentation for more information. (https://huggingface.co/docs/transformers/main/en/main_classes/text_generation)
2026-05-26 12:03:21.000 | INFO     | __main__:evaluate:77 -   1010/1012 done
[transformers] Both `max_new_tokens` (=256) and `max_length`(=200) seem to have been set. `max_new_tokens` will take precedence. Please refer to the documentation for more information. (https://huggingface.co/docs/transformers/main/en/main_classes/text_generation)
[transformers] Both `max_new_tokens` (=256) and `max_length`(=200) seem to have been set. `max_new_tokens` will take precedence. Please refer to the documentation for more information. (https://huggingface.co/docs/transformers/main/en/main_classes/text_generation)
2026-05-26 12:03:21.342 | INFO     | src.pipeline.session:close:152 - [Session 1f5f379f] Closed. Segments: 0
2026-05-26 12:03:21.582 | INFO     | __main__:main:142 - ── Evaluation Results ──────────────────
2026-05-26 12:03:21.582 | INFO     | __main__:main:144 -   bleu                      5.56
2026-05-26 12:03:21.582 | INFO     | __main__:main:144 -   bleu_tokenize             ko-mecab
2026-05-26 12:03:21.582 | INFO     | __main__:main:144 -   stream_laal_s             0.257
2026-05-26 12:03:21.582 | INFO     | __main__:main:144 -   avg_latency_ms            257.7
2026-05-26 12:03:21.582 | INFO     | __main__:main:144 -   n_segments                1012
2026-05-26 12:03:21.582 | INFO     | __main__:main:145 - ────────────────────────────────────────
2026-05-26 12:03:21.582 | INFO     | __main__:main:150 - Report saved → reports/exp_nllb-600m-context/en-ko.json
